Workbook

Sheet Guide
A1: EASM Mission Tracker — Guide
A2: Cyber Risk Intelligence (2LoD) — one workbook for meetings, communications, tasks, goals, developments and EASM findings, producing the weekly status report automatically.
A4: WEEKLY ROUTINE (≈15 min before the meeting)
A5: 1 · During the week | B5: Log as things happen: Meetings, Emails, Developments, EASM Findings. On Tasks keep Status, % Complete, Last Update Date and Latest Update Note current.
A6: 2 · Findings | B6: When severity, status, exploitation, ownership or RAF view changes, set 'Last Material Change Date' and describe the change. New/changed findings flow to section 5.
A7: 3 · Goals | B7: Copy 'Current Value' into 'Value Last Week', then enter the new Current Value and Last Updated date.
A8: 4 · Plan & dependencies | B8: On Tasks set 'Planned for Next Week? = Yes' and fill 'Dependency On' / 'Needed By' for anything waiting on others. On Developments set 'Decision / Escalation Required? = Yes' with the ask, decision owner and date.
A9: 5 · Weekly Status Log | B9: Add a row with the meeting date. The Weekly Report switches to that week automatically.
A10: 6 · Weekly Report | B10: Review sections 1–8. Compare the indicator-based status with your call; resolve any CHALLENGE flag. Then write your RAG, one-sentence 'Why' and commentary in the Weekly Status Log row.
A11: 7 · Present | B11: Print or export the Weekly Report tab to PDF (landscape, fits to width). After the meeting, record decisions and actions in the same log row and create the tasks.
A12: WEEKLY REPORT SECTIONS
A13: 1 · Overall timeline | B13: Mission dates, % elapsed, current phase and a text Gantt of the phase plan (Mission Charter) with a today marker.
A14: 2 · Overall status | B14: Your RAG and one-sentence rationale, previous week and trend, indicator-based RAG from 13 drivers with editable thresholds, and a 2LoD consistency check.
A15: 3 · Progress since last week | B15: Tasks completed; tasks moved forward; KPI week-on-week movement; developments and decisions; meetings held.
A16: 4 · Current work | B16: All tasks In Progress with % complete, due flag and latest note.
A17: 5 · Findings | B17: Only findings discovered or materially changed in the period, with remediation owner, status, target date, SLA and RAF; plus remediation targets due by end of next week.
A18: 6 · Blockers / dependencies | B18: Blocked tasks and tasks waiting on a named person/team; overdue or outstanding responses from 1LoD and third parties.
A19: 7 · Plan for next week | B19: Open tasks flagged for next week, due by end of next week (incl. overdue) or starting next week.
A20: 8 · Escalation / decision needed | B20: Open decisions and escalations (Developments) and open findings in RAF breach.
A21: Reporting period | B21: Defaults to the day after the previous log entry up to the meeting date (or the last 7 days). Both dates can be overridden in the white cells at the top of the Weekly Report.
A22: LEGEND
A23: White cell | B23: Your input. Type, paste or pick from the dropdown.
A24: Grey cell | B24: Automatic formula (IDs, flags, days open, SLA, progress, report content). Do not overwrite.
A25: Light-green cell | B25: Key assumption (Severity → SLA table on Lists). Review and align to the bank's standard.
A26: Red / amber / green | B26: Conditional formatting: overdue, SLA breach, RAF breach, RAG, status and severity.
A27: Example rows | B27: Row 5 of every log tab is an illustrative example (italic), dated in the current week so the Weekly Report shows how it works. Overwrite or delete before go-live.
A28: Hidden helper columns | B28: Columns headed 'WR helper' (grey, grouped and collapsed at the right of each log) feed the Weekly Report. Do not delete them; expand with the [+] button if needed.
A29: TABS
A30: Weekly Report | B30: Auto-built weekly status pack (sections 1–8).
A31: Weekly Status Log (WSR-) | B31: One row per weekly meeting: RAG, why, commentary per section, decisions and actions; previous RAG and trend calculate automatically.
A32: Dashboard | B32: Cumulative mission KPIs and charts, including latest reported vs indicator-based RAG.
A33: Mission Charter | B33: Scope, objectives, drivers, governance and the 6-phase plan driving the timeline.
A34: Goals & KPIs (GOL-) | B34: Objectives and key results with last-week vs current value and progress to target.
A35: Meetings (MTG-) / Emails (EML-) | B35: Meetings with decisions, 2LoD challenge and follow-ups; material emails with response SLAs.
A36: Tasks (TSK-) | B36: Actions with owner, priority, progress notes, dependencies and next-week flag.
A37: Developments (DEV-) | B37: Milestones, decisions, scope changes, escalations and risk acceptances, including decision asks and outcomes.
A38: EASM Findings (FND-) | B38: Exposure register: technical vector → operational vulnerability → systemic/concentration risk → financial/regulatory impact → RAF, with SLA and weekly change tracking.
A39: Stakeholders (STK-) / Lists | B39: RACI, stance and contact cadence; dropdown values and the SLA table.
A40: Cross-referencing | B40: Link records by ID (e.g. a task's Source Ref = MTG-004). Separate multiple IDs with ';'.

Sheet Weekly Report
A1: EASM Mission — Weekly Status Report
A2: ="Reporting period: "&TEXT(F4,"dd-mmm-yyyy")&" to "&TEXT(F5,"dd-mmm-yyyy")&" | Meeting date: "&TEXT(C5,"dd-mmm-yyyy")&" | Generated: "&TEXT(TODAY(),"dd-mmm-yyyy") -> Reporting period: 14-Oct-2026 to 20-Oct-2026 | Meeting date: 20-Oct-2026 | Generated: 20-Oct-2026
B4: Meeting date — override (optional) | E4: Period start | F4: =IF(C7<>"",C7,IF(C6="",C5-6,IF(C5-C6<=14,C6+1,C5-6))) -> 46309 | H4: How it works: add this week's row in 'Weekly Status Log' (date + RAG + one sentence). Everything below fills automatically from the logs for the period shown.
B5: Meeting date used | C5: =IF(C4<>"",C4,IF(COUNT('Weekly Status Log'!$B$5:$B$108)=0,TODAY(),MAX('Weekly Status Log'!$B$5:$B$108))) -> 46315 | E5: Period end | F5: =C5 -> 46315
B6: Previous meeting (from Weekly Status Log) | C6: =IF(_xlfn.MAXIFS('Weekly Status Log'!$B$5:$B$108,'Weekly Status Log'!$B$5:$B$108,"<"&C5)=0,"",_xlfn.MAXIFS('Weekly Status Log'!$B$5:$B$108,'Weekly Status Log'!$B$5:$B$108,"<"&C5)) | E6: Next week from | F6: =C5+1 -> 46316
B7: Period start — override (optional) | E7: Next week to | F7: =C5+7 -> 46322
B8: Weekly Status Log entry | C8: =IF(J8="","Not found — add a row","WSR-"&TEXT(J8,"000")) -> WSR-001 | J8: =IFERROR(MATCH(C5,'Weekly Status Log'!$B$5:$B$108,0),"") -> 1
A10: 1 · OVERALL TIMELINE
B11: Mission start | C11: ='Mission Charter'!B9 -> 46296 | E11: Planned end | G11: ='Mission Charter'!B10 -> 46477
B12: Days elapsed | C12: ='Mission Charter'!B11 -> 19 | E12: Days remaining | G12: ='Mission Charter'!B12 -> 162
B13: % of timeline elapsed | C13: ='Mission Charter'!B13 -> 0.10497238 | E13: Phases completed | G13: =COUNTIF('Mission Charter'!$F$28:$F$33,"Completed")&" of 6" -> 1 of 6
B14: Current phase | C14: =IFERROR(INDEX('Mission Charter'!$A$28:$A$33,MATCH("In Progress",'Mission Charter'!$F$28:$F$33,0)),IF(COUNTIF('Mission Charter'!$F$28:$F$33,"Completed")=6,"All phases complete","No phase In Progress")) -> 2. Discovery & Attribution | E14: Current phase ends | G14: =IFERROR(INDEX('Mission Charter'!$D$28:$D$33,MATCH("In Progress",'Mission Charter'!$F$28:$F$33,0)),"") -> 46340
A16: Phase | B16: Phase name | C16: Status | D16: Planned start | E16: Planned end | F16: Actual end | G16: Variance (d) | H16: Timeline (█ planned · ▼ today)
B17: =IF('Mission Charter'!$B$9="","","Scale: "&TEXT('Mission Charter'!$B$9,"dd-mmm-yy")&" → "&TEXT('Mission Charter'!$B$10,"dd-mmm-yy")) -> Scale: 01-Oct-26 → 31-Mar-27 | H17: =IF(OR('Mission Charter'!$B$9="",'Mission Charter'!$B$10="",'Mission Charter'!$B$10<='Mission Charter'!$B$9),"",REPT(" ",ROUND(MIN(1,MAX(0,(TODAY()-'Mission Charter'!$B$9)/('Mission Charter'!$B$10-'Mission Charter'!$B$9)))*40,0))&"▼ "&TEXT(TODAY(),"dd-mmm")) -> ▼ 20-Oct
A18: P1 | B18: ='Mission Charter'!A28 -> 1. Scoping & Baseline | C18: ='Mission Charter'!F28 -> Completed | D18: =IF('Mission Charter'!C28="","",'Mission Charter'!C28) -> 46296 | E18: =IF('Mission Charter'!D28="","",'Mission Charter'!D28) -> 46312 | F18: =IF('Mission Charter'!E28="","",'Mission Charter'!E28) -> 46311 | G18: ='Mission Charter'!G28 -> -1 | H18: =IF(OR('Mission Charter'!C28="",'Mission Charter'!D28="",'Mission Charter'!$B$9="",'Mission Charter'!$B$10="",'Mission Charter'!$B$10<='Mission Charter'!$B$9),"",REPT(" ",MAX(0,ROUND(('Mission Charter'!C28-'Mission Charter'!$B$9)/('Mission Charter'!$B$10-'Mission Charter'!$B$9)*40,0)))&REPT("█",MAX(1,ROUND((MIN('Mission Charter'!D28,'Mission Charter'!$B$10)-MAX('Mission Charter'!C28,'Mission Charter'!$B$9))/('Mission Charter'!$B$10-'Mission Charter'!$B$9)*40,0)))) -> ████
A19: P2 | B19: ='Mission Charter'!A29 -> 2. Discovery & Attribution | C19: ='Mission Charter'!F29 -> In Progress | D19: =IF('Mission Charter'!C29="","",'Mission Charter'!C29) -> 46307 | E19: =IF('Mission Charter'!D29="","",'Mission Charter'!D29) -> 46340 | F19: =IF('Mission Charter'!E29="","",'Mission Charter'!E29) | G19: ='Mission Charter'!G29 | H19: =IF(OR('Mission Charter'!C29="",'Mission Charter'!D29="",'Mission Charter'!$B$9="",'Mission Charter'!$B$10="",'Mission Charter'!$B$10<='Mission Charter'!$B$9),"",REPT(" ",MAX(0,ROUND(('Mission Charter'!C29-'Mission Charter'!$B$9)/('Mission Charter'!$B$10-'Mission Charter'!$B$9)*40,0)))&REPT("█",MAX(1,ROUND((MIN('Mission Charter'!D29,'Mission Charter'!$B$10)-MAX('Mission Charter'!C29,'Mission Charter'!$B$9))/('Mission Charter'!$B$10-'Mission Charter'!$B$9)*40,0)))) -> ███████
A20: P3 | B20: ='Mission Charter'!A30 -> 3. Exposure Assessment | C20: ='Mission Charter'!F30 -> Not Started | D20: =IF('Mission Charter'!C30="","",'Mission Charter'!C30) -> 46328 | E20: =IF('Mission Charter'!D30="","",'Mission Charter'!D30) -> 46375 | F20: =IF('Mission Charter'!E30="","",'Mission Charter'!E30) | G20: ='Mission Charter'!G30 | H20: =IF(OR('Mission Charter'!C30="",'Mission Charter'!D30="",'Mission Charter'!$B$9="",'Mission Charter'!$B$10="",'Mission Charter'!$B$10<='Mission Charter'!$B$9),"",REPT(" ",MAX(0,ROUND(('Mission Charter'!C30-'Mission Charter'!$B$9)/('Mission Charter'!$B$10-'Mission Charter'!$B$9)*40,0)))&REPT("█",MAX(1,ROUND((MIN('Mission Charter'!D30,'Mission Charter'!$B$10)-MAX('Mission Charter'!C30,'Mission Charter'!$B$9))/('Mission Charter'!$B$10-'Mission Charter'!$B$9)*40,0)))) -> ██████████
A21: P4 | B21: ='Mission Charter'!A31 -> 4. Risk Translation & 1LoD Challenge | C21: ='Mission Charter'!F31 -> Not Started | D21: =IF('Mission Charter'!C31="","",'Mission Charter'!C31) -> 46356 | E21: =IF('Mission Charter'!D31="","",'Mission Charter'!D31) -> 46416 | F21: =IF('Mission Charter'!E31="","",'Mission Charter'!E31) | G21: ='Mission Charter'!G31 | H21: =IF(OR('Mission Charter'!C31="",'Mission Charter'!D31="",'Mission Charter'!$B$9="",'Mission Charter'!$B$10="",'Mission Charter'!$B$10<='Mission Charter'!$B$9),"",REPT(" ",MAX(0,ROUND(('Mission Charter'!C31-'Mission Charter'!$B$9)/('Mission Charter'!$B$10-'Mission Charter'!$B$9)*40,0)))&REPT("█",MAX(1,ROUND((MIN('Mission Charter'!D31,'Mission Charter'!$B$10)-MAX('Mission Charter'!C31,'Mission Charter'!$B$9))/('Mission Charter'!$B$10-'Mission Charter'!$B$9)*40,0)))) -> █████████████
A22: P5 | B22: ='Mission Charter'!A32 -> 5. Remediation Oversight | C22: ='Mission Charter'!F32 -> Not Started | D22: =IF('Mission Charter'!C32="","",'Mission Charter'!C32) -> 46391 | E22: =IF('Mission Charter'!D32="","",'Mission Charter'!D32) -> 46458 | F22: =IF('Mission Charter'!E32="","",'Mission Charter'!E32) | G22: ='Mission Charter'!G32 | H22: =IF(OR('Mission Charter'!C32="",'Mission Charter'!D32="",'Mission Charter'!$B$9="",'Mission Charter'!$B$10="",'Mission Charter'!$B$10<='Mission Charter'!$B$9),"",REPT(" ",MAX(0,ROUND(('Mission Charter'!C32-'Mission Charter'!$B$9)/('Mission Charter'!$B$10-'Mission Charter'!$B$9)*40,0)))&REPT("█",MAX(1,ROUND((MIN('Mission Charter'!D32,'Mission Charter'!$B$10)-MAX('Mission Charter'!C32,'Mission Charter'!$B$9))/('Mission Charter'!$B$10-'Mission Charter'!$B$9)*40,0)))) -> ███████████████
A23: P6 | B23: ='Mission Charter'!A33 -> 6. Reporting & Closure | C23: ='Mission Charter'!F33 -> Not Started | D23: =IF('Mission Charter'!C33="","",'Mission Charter'!C33) -> 46447 | E23: =IF('Mission Charter'!D33="","",'Mission Charter'!D33) -> 46477 | F23: =IF('Mission Charter'!E33="","",'Mission Charter'!E33) | G23: ='Mission Charter'!G33 | H23: =IF(OR('Mission Charter'!C33="",'Mission Charter'!D33="",'Mission Charter'!$B$9="",'Mission Charter'!$B$10="",'Mission Charter'!$B$10<='Mission Charter'!$B$9),"",REPT(" ",MAX(0,ROUND(('Mission Charter'!C33-'Mission Charter'!$B$9)/('Mission Charter'!$B$10-'Mission Charter'!$B$9)*40,0)))&REPT("█",MAX(1,ROUND((MIN('Mission Charter'!D33,'Mission Charter'!$B$10)-MAX('Mission Charter'!C33,'Mission Charter'!$B$9))/('Mission Charter'!$B$10-'Mission Charter'!$B$9)*40,0)))) -> ███████
A25: 2 · OVERALL STATUS
B26: Reported status (your call) | C26: =IF($J$8="","",IF(INDEX('Weekly Status Log'!$C$5:$C$108,$J$8)="","Not set",INDEX('Weekly Status Log'!$C$5:$C$108,$J$8))) -> Amber | D26: =IF($J$8="","Add this week's row in the Weekly Status Log",IF(INDEX('Weekly Status Log'!$D$5:$D$108,$J$8)="","(one-sentence rationale not entered)",INDEX('Weekly Status Log'!$D$5:$D$108,$J$8))) -> Discovery is on plan, but attribution is constrained by an outstanding 1LoD CMDB extract and an open sponsor decision on scope extension.
B27: Previous week / trend | C27: =IF($J$8="","",IF(INDEX('Weekly Status Log'!$M$5:$M$108,$J$8)="","—",INDEX('Weekly Status Log'!$M$5:$M$108,$J$8))) -> — | D27: =IF($J$8="","",IF(INDEX('Weekly Status Log'!$N$5:$N$108,$J$8)="","",INDEX('Weekly Status Log'!$N$5:$N$108,$J$8)))
B28: Indicator-based status (suggested) | C28: =IF(COUNTIF(F32:F44,"Red")>0,"Red",IF(COUNTIF(F32:F44,"Amber")>0,"Amber","Green")) -> Amber | D28: =COUNTIF(F32:F44,"Red")&" Red and "&COUNTIF(F32:F44,"Amber")&" Amber driver(s) triggered — see table below" -> 0 Red and 1 Amber driver(s) triggered — see table below
B29: 2LoD consistency check | D29: =IF(OR(C26="",C26="Not set"),"Enter your RAG call in the Weekly Status Log",IF(MATCH(C26,{"Red","Amber","Green"},0)>MATCH(C28,{"Red","Amber","Green"},0),"CHALLENGE: reported status is more favourable than the indicators — evidence the judgement before the meeting",IF(MATCH(C26,{"Red","Amber","Green"},0)<MATCH(C28,{"Red","Amber","Green"},0),"Reported status is more conservative than the indicators — state the forward-looking concern","Consistent with indicators"))) -> Consistent with indicators
B31: Status driver (from logs) | C31: Count | D31: Drives | E31: Threshold (≥) | F31: Triggered | G31: Source tab
B32: Open Critical/High findings breaching remediation SLA | C32: =COUNTIFS('EASM Findings'!$AA$5:$AA$304,"SLA BREACH",'EASM Findings'!$L$5:$L$304,"Critical")+COUNTIFS('EASM Findings'!$AA$5:$AA$304,"SLA BREACH",'EASM Findings'!$L$5:$L$304,"High") -> 0 | D32: Red | E32: 1 | F32: =IF(C32>=E32,D32,"—") -> — | G32: EASM Findings
B33: RAF appetite breaches (open findings + developments) | C33: =COUNTIFS('EASM Findings'!$E$5:$E$304,"<>",'EASM Findings'!$U$5:$U$304,"<>Remediated",'EASM Findings'!$U$5:$U$304,"<>False Positive",'EASM Findings'!$U$5:$U$304,"<>Risk Accepted",'EASM Findings'!$Q$5:$Q$304,"Breach - Appetite")+COUNTIF(Developments!$L$5:$L$304,"Breach - Appetite") -> 0 | D33: Red | E33: 1 | F33: =IF(C33>=E33,D33,"—") -> — | G33: Findings / Developments
B34: Goals Off Track | C34: =COUNTIF('Goals & KPIs'!$P$5:$P$304,"Off Track") -> 0 | D34: Red | E34: 1 | F34: =IF(C34>=E34,D34,"—") -> — | G34: Goals & KPIs
B35: Overdue Critical-priority tasks | C35: =COUNTIFS(Tasks!$X$5:$X$304,"OVERDUE",Tasks!$J$5:$J$304,"Critical") -> 0 | D35: Red | E35: 1 | F35: =IF(C35>=E35,D35,"—") -> — | G35: Tasks
B36: Mission past planned end with phases open | C36: =IF(AND('Mission Charter'!$B$10<>"",TODAY()>'Mission Charter'!$B$10,COUNTIF('Mission Charter'!$F$28:$F$33,"Completed")<6),1,0) -> 0 | D36: Red | E36: 1 | F36: =IF(C36>=E36,D36,"—") -> — | G36: Mission Charter
B37: Overdue tasks (all priorities) | C37: =COUNTIF(Tasks!$X$5:$X$304,"OVERDUE") -> 0 | D37: Amber | E37: 1 | F37: =IF(C37>=E37,D37,"—") -> — | G37: Tasks
B38: Blocked tasks | C38: =COUNTIF(Tasks!$K$5:$K$304,"Blocked") -> 0 | D38: Amber | E38: 1 | F38: =IF(C38>=E38,D38,"—") -> — | G38: Tasks
B39: Goals At Risk | C39: =COUNTIF('Goals & KPIs'!$P$5:$P$304,"At Risk") -> 0 | D39: Amber | E39: 1 | F39: =IF(C39>=E39,D39,"—") -> — | G39: Goals & KPIs
B40: Overdue responses from 1LoD / third parties | C40: =COUNTIF(Emails!$R$5:$R$304,"OVERDUE") -> 0 | D40: Amber | E40: 1 | F40: =IF(C40>=E40,D40,"—") -> — | G40: Emails
B41: Open decisions / escalations awaiting outcome | C41: =COUNT(Developments!$X$5:$X$304) -> 1 | D41: Amber | E41: 1 | F41: =IF(C41>=E41,D41,"—") -> Amber | G41: Developments
B42: Open Medium/Low findings breaching SLA | C42: =COUNTIF('EASM Findings'!$AA$5:$AA$304,"SLA BREACH")-COUNTIFS('EASM Findings'!$AA$5:$AA$304,"SLA BREACH",'EASM Findings'!$L$5:$L$304,"Critical")-COUNTIFS('EASM Findings'!$AA$5:$AA$304,"SLA BREACH",'EASM Findings'!$L$5:$L$304,"High") -> 0 | D42: Amber | E42: 1 | F42: =IF(C42>=E42,D42,"—") -> — | G42: EASM Findings
B43: RAF tolerance breaches (open findings + developments) | C43: =COUNTIFS('EASM Findings'!$E$5:$E$304,"<>",'EASM Findings'!$U$5:$U$304,"<>Remediated",'EASM Findings'!$U$5:$U$304,"<>False Positive",'EASM Findings'!$U$5:$U$304,"<>Risk Accepted",'EASM Findings'!$Q$5:$Q$304,"Breach - Tolerance")+COUNTIF(Developments!$L$5:$L$304,"Breach - Tolerance") -> 0 | D43: Amber | E43: 1 | F43: =IF(C43>=E43,D43,"—") -> — | G43: Findings / Developments
B44: Phases delayed or finished late | C44: =COUNTIF('Mission Charter'!$F$28:$F$33,"Delayed")+COUNTIF('Mission Charter'!$G$28:$G$33,">0") -> 0 | D44: Amber | E44: 1 | F44: =IF(C44>=E44,D44,"—") -> — | G44: Mission Charter
B45: Thresholds (white cells) are editable — calibrate to the mission's risk tolerance. Any Red driver ⇒ Red; otherwise any Amber driver ⇒ Amber; otherwise Green.
A47: 3 · PROGRESS SINCE LAST WEEK
A48: Tasks completed in the period | H48: ="Showing "&MIN(8,COUNT(Tasks!$Z$5:$Z$304))&" of "&COUNT(Tasks!$Z$5:$Z$304)&IF(COUNT(Tasks!$Z$5:$Z$304)>8," — see Tasks tab for the rest","") -> Showing 0 of 0
A49: ID | B49: Task | C49: Workstream | D49: Owner | E49: Status | F49: Completed | G49: Due | H49: Evidence of closure
A50: =IF($J50="","",IF(INDEX(Tasks!$A:$A,$J50)="","",INDEX(Tasks!$A:$A,$J50))) | B50: =IF(COUNT(Tasks!$Z$5:$Z$304)=0,"— None —",IF($J50="","",IF(INDEX(Tasks!$F:$F,$J50)="","",INDEX(Tasks!$F:$F,$J50)))) -> — None — | C50: =IF($J50="","",IF(INDEX(Tasks!$E:$E,$J50)="","",INDEX(Tasks!$E:$E,$J50))) | D50: =IF($J50="","",IF(INDEX(Tasks!$H:$H,$J50)="","",INDEX(Tasks!$H:$H,$J50))) | E50: =IF($J50="","",IF(INDEX(Tasks!$K:$K,$J50)="","",INDEX(Tasks!$K:$K,$J50))) | F50: =IF($J50="","",IF(INDEX(Tasks!$N:$N,$J50)="","",INDEX(Tasks!$N:$N,$J50))) | G50: =IF($J50="","",IF(INDEX(Tasks!$M:$M,$J50)="","",INDEX(Tasks!$M:$M,$J50))) | H50: =IF($J50="","",IF(INDEX(Tasks!$V:$V,$J50)="","",INDEX(Tasks!$V:$V,$J50))) | J50: =IFERROR(SMALL(Tasks!$Z$5:$Z$304,1),"")
A51: =IF($J51="","",IF(INDEX(Tasks!$A:$A,$J51)="","",INDEX(Tasks!$A:$A,$J51))) | B51: =IF($J51="","",IF(INDEX(Tasks!$F:$F,$J51)="","",INDEX(Tasks!$F:$F,$J51))) | C51: =IF($J51="","",IF(INDEX(Tasks!$E:$E,$J51)="","",INDEX(Tasks!$E:$E,$J51))) | D51: =IF($J51="","",IF(INDEX(Tasks!$H:$H,$J51)="","",INDEX(Tasks!$H:$H,$J51))) | E51: =IF($J51="","",IF(INDEX(Tasks!$K:$K,$J51)="","",INDEX(Tasks!$K:$K,$J51))) | F51: =IF($J51="","",IF(INDEX(Tasks!$N:$N,$J51)="","",INDEX(Tasks!$N:$N,$J51))) | G51: =IF($J51="","",IF(INDEX(Tasks!$M:$M,$J51)="","",INDEX(Tasks!$M:$M,$J51))) | H51: =IF($J51="","",IF(INDEX(Tasks!$V:$V,$J51)="","",INDEX(Tasks!$V:$V,$J51))) | J51: =IFERROR(SMALL(Tasks!$Z$5:$Z$304,2),"")
A52: =IF($J52="","",IF(INDEX(Tasks!$A:$A,$J52)="","",INDEX(Tasks!$A:$A,$J52))) | B52: =IF($J52="","",IF(INDEX(Tasks!$F:$F,$J52)="","",INDEX(Tasks!$F:$F,$J52))) | C52: =IF($J52="","",IF(INDEX(Tasks!$E:$E,$J52)="","",INDEX(Tasks!$E:$E,$J52))) | D52: =IF($J52="","",IF(INDEX(Tasks!$H:$H,$J52)="","",INDEX(Tasks!$H:$H,$J52))) | E52: =IF($J52="","",IF(INDEX(Tasks!$K:$K,$J52)="","",INDEX(Tasks!$K:$K,$J52))) | F52: =IF($J52="","",IF(INDEX(Tasks!$N:$N,$J52)="","",INDEX(Tasks!$N:$N,$J52))) | G52: =IF($J52="","",IF(INDEX(Tasks!$M:$M,$J52)="","",INDEX(Tasks!$M:$M,$J52))) | H52: =IF($J52="","",IF(INDEX(Tasks!$V:$V,$J52)="","",INDEX(Tasks!$V:$V,$J52))) | J52: =IFERROR(SMALL(Tasks!$Z$5:$Z$304,3),"")
A53: =IF($J53="","",IF(INDEX(Tasks!$A:$A,$J53)="","",INDEX(Tasks!$A:$A,$J53))) | B53: =IF($J53="","",IF(INDEX(Tasks!$F:$F,$J53)="","",INDEX(Tasks!$F:$F,$J53))) | C53: =IF($J53="","",IF(INDEX(Tasks!$E:$E,$J53)="","",INDEX(Tasks!$E:$E,$J53))) | D53: =IF($J53="","",IF(INDEX(Tasks!$H:$H,$J53)="","",INDEX(Tasks!$H:$H,$J53))) | E53: =IF($J53="","",IF(INDEX(Tasks!$K:$K,$J53)="","",INDEX(Tasks!$K:$K,$J53))) | F53: =IF($J53="","",IF(INDEX(Tasks!$N:$N,$J53)="","",INDEX(Tasks!$N:$N,$J53))) | G53: =IF($J53="","",IF(INDEX(Tasks!$M:$M,$J53)="","",INDEX(Tasks!$M:$M,$J53))) | H53: =IF($J53="","",IF(INDEX(Tasks!$V:$V,$J53)="","",INDEX(Tasks!$V:$V,$J53))) | J53: =IFERROR(SMALL(Tasks!$Z$5:$Z$304,4),"")
A54: =IF($J54="","",IF(INDEX(Tasks!$A:$A,$J54)="","",INDEX(Tasks!$A:$A,$J54))) | B54: =IF($J54="","",IF(INDEX(Tasks!$F:$F,$J54)="","",INDEX(Tasks!$F:$F,$J54))) | C54: =IF($J54="","",IF(INDEX(Tasks!$E:$E,$J54)="","",INDEX(Tasks!$E:$E,$J54))) | D54: =IF($J54="","",IF(INDEX(Tasks!$H:$H,$J54)="","",INDEX(Tasks!$H:$H,$J54))) | E54: =IF($J54="","",IF(INDEX(Tasks!$K:$K,$J54)="","",INDEX(Tasks!$K:$K,$J54))) | F54: =IF($J54="","",IF(INDEX(Tasks!$N:$N,$J54)="","",INDEX(Tasks!$N:$N,$J54))) | G54: =IF($J54="","",IF(INDEX(Tasks!$M:$M,$J54)="","",INDEX(Tasks!$M:$M,$J54))) | H54: =IF($J54="","",IF(INDEX(Tasks!$V:$V,$J54)="","",INDEX(Tasks!$V:$V,$J54))) | J54: =IFERROR(SMALL(Tasks!$Z$5:$Z$304,5),"")
A55: =IF($J55="","",IF(INDEX(Tasks!$A:$A,$J55)="","",INDEX(Tasks!$A:$A,$J55))) | B55: =IF($J55="","",IF(INDEX(Tasks!$F:$F,$J55)="","",INDEX(Tasks!$F:$F,$J55))) | C55: =IF($J55="","",IF(INDEX(Tasks!$E:$E,$J55)="","",INDEX(Tasks!$E:$E,$J55))) | D55: =IF($J55="","",IF(INDEX(Tasks!$H:$H,$J55)="","",INDEX(Tasks!$H:$H,$J55))) | E55: =IF($J55="","",IF(INDEX(Tasks!$K:$K,$J55)="","",INDEX(Tasks!$K:$K,$J55))) | F55: =IF($J55="","",IF(INDEX(Tasks!$N:$N,$J55)="","",INDEX(Tasks!$N:$N,$J55))) | G55: =IF($J55="","",IF(INDEX(Tasks!$M:$M,$J55)="","",INDEX(Tasks!$M:$M,$J55))) | H55: =IF($J55="","",IF(INDEX(Tasks!$V:$V,$J55)="","",INDEX(Tasks!$V:$V,$J55))) | J55: =IFERROR(SMALL(Tasks!$Z$5:$Z$304,6),"")
A56: =IF($J56="","",IF(INDEX(Tasks!$A:$A,$J56)="","",INDEX(Tasks!$A:$A,$J56))) | B56: =IF($J56="","",IF(INDEX(Tasks!$F:$F,$J56)="","",INDEX(Tasks!$F:$F,$J56))) | C56: =IF($J56="","",IF(INDEX(Tasks!$E:$E,$J56)="","",INDEX(Tasks!$E:$E,$J56))) | D56: =IF($J56="","",IF(INDEX(Tasks!$H:$H,$J56)="","",INDEX(Tasks!$H:$H,$J56))) | E56: =IF($J56="","",IF(INDEX(Tasks!$K:$K,$J56)="","",INDEX(Tasks!$K:$K,$J56))) | F56: =IF($J56="","",IF(INDEX(Tasks!$N:$N,$J56)="","",INDEX(Tasks!$N:$N,$J56))) | G56: =IF($J56="","",IF(INDEX(Tasks!$M:$M,$J56)="","",INDEX(Tasks!$M:$M,$J56))) | H56: =IF($J56="","",IF(INDEX(Tasks!$V:$V,$J56)="","",INDEX(Tasks!$V:$V,$J56))) | J56: =IFERROR(SMALL(Tasks!$Z$5:$Z$304,7),"")
A57: =IF($J57="","",IF(INDEX(Tasks!$A:$A,$J57)="","",INDEX(Tasks!$A:$A,$J57))) | B57: =IF($J57="","",IF(INDEX(Tasks!$F:$F,$J57)="","",INDEX(Tasks!$F:$F,$J57))) | C57: =IF($J57="","",IF(INDEX(Tasks!$E:$E,$J57)="","",INDEX(Tasks!$E:$E,$J57))) | D57: =IF($J57="","",IF(INDEX(Tasks!$H:$H,$J57)="","",INDEX(Tasks!$H:$H,$J57))) | E57: =IF($J57="","",IF(INDEX(Tasks!$K:$K,$J57)="","",INDEX(Tasks!$K:$K,$J57))) | F57: =IF($J57="","",IF(INDEX(Tasks!$N:$N,$J57)="","",INDEX(Tasks!$N:$N,$J57))) | G57: =IF($J57="","",IF(INDEX(Tasks!$M:$M,$J57)="","",INDEX(Tasks!$M:$M,$J57))) | H57: =IF($J57="","",IF(INDEX(Tasks!$V:$V,$J57)="","",INDEX(Tasks!$V:$V,$J57))) | J57: =IFERROR(SMALL(Tasks!$Z$5:$Z$304,8),"")
A59: Tasks moved forward (updated in the period, still open) | H59: ="Showing "&MIN(8,COUNT(Tasks!$AA$5:$AA$304))&" of "&COUNT(Tasks!$AA$5:$AA$304)&IF(COUNT(Tasks!$AA$5:$AA$304)>8," — see Tasks tab for the rest","") -> Showing 1 of 1
A60: ID | B60: Task | C60: Workstream | D60: Owner | E60: Status | F60: Updated | G60: Due | H60: % complete · progress note
A61: =IF($J61="","",IF(INDEX(Tasks!$A:$A,$J61)="","",INDEX(Tasks!$A:$A,$J61))) -> TSK-001 | B61: =IF(COUNT(Tasks!$AA$5:$AA$304)=0,"— None —",IF($J61="","",IF(INDEX(Tasks!$F:$F,$J61)="","",INDEX(Tasks!$F:$F,$J61)))) -> Reconcile EASM-discovered assets against CMDB extract; quantify unattributed / unknown assets by legal entity | C61: =IF($J61="","",IF(INDEX(Tasks!$E:$E,$J61)="","",INDEX(Tasks!$E:$E,$J61))) -> Attribution & Ownership | D61: =IF($J61="","",IF(INDEX(Tasks!$H:$H,$J61)="","",INDEX(Tasks!$H:$H,$J61))) -> Me (2LoD CRI) | E61: =IF($J61="","",IF(INDEX(Tasks!$K:$K,$J61)="","",INDEX(Tasks!$K:$K,$J61))) -> In Progress | F61: =IF($J61="","",IF(INDEX(Tasks!$Q:$Q,$J61)="","",INDEX(Tasks!$Q:$Q,$J61))) -> 46314 | G61: =IF($J61="","",IF(INDEX(Tasks!$M:$M,$J61)="","",INDEX(Tasks!$M:$M,$J61))) -> 46332 | H61: =IF($J61="","",TEXT(INDEX(Tasks!$O:$O,$J61),"0%")&" · "&INDEX(Tasks!$R:$R,$J61)) -> 25% · CMDB extract received for 2 of 3 entities; reconciliation of Entity A complete (41 unmapped hosts) | J61: =IFERROR(SMALL(Tasks!$AA$5:$AA$304,1),"") -> 5
A62: =IF($J62="","",IF(INDEX(Tasks!$A:$A,$J62)="","",INDEX(Tasks!$A:$A,$J62))) | B62: =IF($J62="","",IF(INDEX(Tasks!$F:$F,$J62)="","",INDEX(Tasks!$F:$F,$J62))) | C62: =IF($J62="","",IF(INDEX(Tasks!$E:$E,$J62)="","",INDEX(Tasks!$E:$E,$J62))) | D62: =IF($J62="","",IF(INDEX(Tasks!$H:$H,$J62)="","",INDEX(Tasks!$H:$H,$J62))) | E62: =IF($J62="","",IF(INDEX(Tasks!$K:$K,$J62)="","",INDEX(Tasks!$K:$K,$J62))) | F62: =IF($J62="","",IF(INDEX(Tasks!$Q:$Q,$J62)="","",INDEX(Tasks!$Q:$Q,$J62))) | G62: =IF($J62="","",IF(INDEX(Tasks!$M:$M,$J62)="","",INDEX(Tasks!$M:$M,$J62))) | H62: =IF($J62="","",TEXT(INDEX(Tasks!$O:$O,$J62),"0%")&" · "&INDEX(Tasks!$R:$R,$J62)) | J62: =IFERROR(SMALL(Tasks!$AA$5:$AA$304,2),"")
A63: =IF($J63="","",IF(INDEX(Tasks!$A:$A,$J63)="","",INDEX(Tasks!$A:$A,$J63))) | B63: =IF($J63="","",IF(INDEX(Tasks!$F:$F,$J63)="","",INDEX(Tasks!$F:$F,$J63))) | C63: =IF($J63="","",IF(INDEX(Tasks!$E:$E,$J63)="","",INDEX(Tasks!$E:$E,$J63))) | D63: =IF($J63="","",IF(INDEX(Tasks!$H:$H,$J63)="","",INDEX(Tasks!$H:$H,$J63))) | E63: =IF($J63="","",IF(INDEX(Tasks!$K:$K,$J63)="","",INDEX(Tasks!$K:$K,$J63))) | F63: =IF($J63="","",IF(INDEX(Tasks!$Q:$Q,$J63)="","",INDEX(Tasks!$Q:$Q,$J63))) | G63: =IF($J63="","",IF(INDEX(Tasks!$M:$M,$J63)="","",INDEX(Tasks!$M:$M,$J63))) | H63: =IF($J63="","",TEXT(INDEX(Tasks!$O:$O,$J63),"0%")&" · "&INDEX(Tasks!$R:$R,$J63)) | J63: =IFERROR(SMALL(Tasks!$AA$5:$AA$304,3),"")
A64: =IF($J64="","",IF(INDEX(Tasks!$A:$A,$J64)="","",INDEX(Tasks!$A:$A,$J64))) | B64: =IF($J64="","",IF(INDEX(Tasks!$F:$F,$J64)="","",INDEX(Tasks!$F:$F,$J64))) | C64: =IF($J64="","",IF(INDEX(Tasks!$E:$E,$J64)="","",INDEX(Tasks!$E:$E,$J64))) | D64: =IF($J64="","",IF(INDEX(Tasks!$H:$H,$J64)="","",INDEX(Tasks!$H:$H,$J64))) | E64: =IF($J64="","",IF(INDEX(Tasks!$K:$K,$J64)="","",INDEX(Tasks!$K:$K,$J64))) | F64: =IF($J64="","",IF(INDEX(Tasks!$Q:$Q,$J64)="","",INDEX(Tasks!$Q:$Q,$J64))) | G64: =IF($J64="","",IF(INDEX(Tasks!$M:$M,$J64)="","",INDEX(Tasks!$M:$M,$J64))) | H64: =IF($J64="","",TEXT(INDEX(Tasks!$O:$O,$J64),"0%")&" · "&INDEX(Tasks!$R:$R,$J64)) | J64: =IFERROR(SMALL(Tasks!$AA$5:$AA$304,4),"")
A65: =IF($J65="","",IF(INDEX(Tasks!$A:$A,$J65)="","",INDEX(Tasks!$A:$A,$J65))) | B65: =IF($J65="","",IF(INDEX(Tasks!$F:$F,$J65)="","",INDEX(Tasks!$F:$F,$J65))) | C65: =IF($J65="","",IF(INDEX(Tasks!$E:$E,$J65)="","",INDEX(Tasks!$E:$E,$J65))) | D65: =IF($J65="","",IF(INDEX(Tasks!$H:$H,$J65)="","",INDEX(Tasks!$H:$H,$J65))) | E65: =IF($J65="","",IF(INDEX(Tasks!$K:$K,$J65)="","",INDEX(Tasks!$K:$K,$J65))) | F65: =IF($J65="","",IF(INDEX(Tasks!$Q:$Q,$J65)="","",INDEX(Tasks!$Q:$Q,$J65))) | G65: =IF($J65="","",IF(INDEX(Tasks!$M:$M,$J65)="","",INDEX(Tasks!$M:$M,$J65))) | H65: =IF($J65="","",TEXT(INDEX(Tasks!$O:$O,$J65),"0%")&" · "&INDEX(Tasks!$R:$R,$J65)) | J65: =IFERROR(SMALL(Tasks!$AA$5:$AA$304,5),"")
A66: =IF($J66="","",IF(INDEX(Tasks!$A:$A,$J66)="","",INDEX(Tasks!$A:$A,$J66))) | B66: =IF($J66="","",IF(INDEX(Tasks!$F:$F,$J66)="","",INDEX(Tasks!$F:$F,$J66))) | C66: =IF($J66="","",IF(INDEX(Tasks!$E:$E,$J66)="","",INDEX(Tasks!$E:$E,$J66))) | D66: =IF($J66="","",IF(INDEX(Tasks!$H:$H,$J66)="","",INDEX(Tasks!$H:$H,$J66))) | E66: =IF($J66="","",IF(INDEX(Tasks!$K:$K,$J66)="","",INDEX(Tasks!$K:$K,$J66))) | F66: =IF($J66="","",IF(INDEX(Tasks!$Q:$Q,$J66)="","",INDEX(Tasks!$Q:$Q,$J66))) | G66: =IF($J66="","",IF(INDEX(Tasks!$M:$M,$J66)="","",INDEX(Tasks!$M:$M,$J66))) | H66: =IF($J66="","",TEXT(INDEX(Tasks!$O:$O,$J66),"0%")&" · "&INDEX(Tasks!$R:$R,$J66)) | J66: =IFERROR(SMALL(Tasks!$AA$5:$AA$304,6),"")
A67: =IF($J67="","",IF(INDEX(Tasks!$A:$A,$J67)="","",INDEX(Tasks!$A:$A,$J67))) | B67: =IF($J67="","",IF(INDEX(Tasks!$F:$F,$J67)="","",INDEX(Tasks!$F:$F,$J67))) | C67: =IF($J67="","",IF(INDEX(Tasks!$E:$E,$J67)="","",INDEX(Tasks!$E:$E,$J67))) | D67: =IF($J67="","",IF(INDEX(Tasks!$H:$H,$J67)="","",INDEX(Tasks!$H:$H,$J67))) | E67: =IF($J67="","",IF(INDEX(Tasks!$K:$K,$J67)="","",INDEX(Tasks!$K:$K,$J67))) | F67: =IF($J67="","",IF(INDEX(Tasks!$Q:$Q,$J67)="","",INDEX(Tasks!$Q:$Q,$J67))) | G67: =IF($J67="","",IF(INDEX(Tasks!$M:$M,$J67)="","",INDEX(Tasks!$M:$M,$J67))) | H67: =IF($J67="","",TEXT(INDEX(Tasks!$O:$O,$J67),"0%")&" · "&INDEX(Tasks!$R:$R,$J67)) | J67: =IFERROR(SMALL(Tasks!$AA$5:$AA$304,7),"")
A68: =IF($J68="","",IF(INDEX(Tasks!$A:$A,$J68)="","",INDEX(Tasks!$A:$A,$J68))) | B68: =IF($J68="","",IF(INDEX(Tasks!$F:$F,$J68)="","",INDEX(Tasks!$F:$F,$J68))) | C68: =IF($J68="","",IF(INDEX(Tasks!$E:$E,$J68)="","",INDEX(Tasks!$E:$E,$J68))) | D68: =IF($J68="","",IF(INDEX(Tasks!$H:$H,$J68)="","",INDEX(Tasks!$H:$H,$J68))) | E68: =IF($J68="","",IF(INDEX(Tasks!$K:$K,$J68)="","",INDEX(Tasks!$K:$K,$J68))) | F68: =IF($J68="","",IF(INDEX(Tasks!$Q:$Q,$J68)="","",INDEX(Tasks!$Q:$Q,$J68))) | G68: =IF($J68="","",IF(INDEX(Tasks!$M:$M,$J68)="","",INDEX(Tasks!$M:$M,$J68))) | H68: =IF($J68="","",TEXT(INDEX(Tasks!$O:$O,$J68),"0%")&" · "&INDEX(Tasks!$R:$R,$J68)) | J68: =IFERROR(SMALL(Tasks!$AA$5:$AA$304,8),"")
A70: Goals & KPIs — week-on-week movement | H70: ="Showing "&MIN(6,COUNT('Goals & KPIs'!$T$5:$T$304))&" of "&COUNT('Goals & KPIs'!$T$5:$T$304)&IF(COUNT('Goals & KPIs'!$T$5:$T$304)>6," — see Goals & KPIs tab for the rest","") -> Showing 1 of 1
A71: ID | B71: Key result / KPI | C71: Last week → now | D71: Change | E71: Status | F71: Updated | G71: Progress | H71: Commentary
A72: =IF($J72="","",IF(INDEX('Goals & KPIs'!$A:$A,$J72)="","",INDEX('Goals & KPIs'!$A:$A,$J72))) -> GOL-001 | B72: =IF(COUNT('Goals & KPIs'!$T$5:$T$304)=0,"— None —",IF($J72="","",INDEX('Goals & KPIs'!$D:$D,$J72))) -> % of discovered internet-facing assets attributed to an accountable owner | C72: =IF($J72="","",INDEX('Goals & KPIs'!$I:$I,$J72)&" → "&INDEX('Goals & KPIs'!$J:$J,$J72)&" "&INDEX('Goals & KPIs'!$F:$F,$J72)) -> 66 → 70 % | D72: =IF($J72="","",IF(INDEX('Goals & KPIs'!$K:$K,$J72)="","",TEXT(INDEX('Goals & KPIs'!$K:$K,$J72),"+0.0;-0.0;0")&" WoW")) -> +4.0 WoW | E72: =IF($J72="","",IF(INDEX('Goals & KPIs'!$P:$P,$J72)="","",INDEX('Goals & KPIs'!$P:$P,$J72))) -> On Track | F72: =IF($J72="","",IF(INDEX('Goals & KPIs'!$R:$R,$J72)="","",INDEX('Goals & KPIs'!$R:$R,$J72))) -> 46314 | G72: =IF($J72="","",IF(INDEX('Goals & KPIs'!$L:$L,$J72)="","",INDEX('Goals & KPIs'!$L:$L,$J72))) -> 0.24242424 | H72: =IF($J72="","",IF(INDEX('Goals & KPIs'!$S:$S,$J72)="","",INDEX('Goals & KPIs'!$S:$S,$J72))) -> Uplift from Entity A reconciliation; Entity C extract outstanding (TSK-001) | J72: =IFERROR(SMALL('Goals & KPIs'!$T$5:$T$304,1),"") -> 5
A73: =IF($J73="","",IF(INDEX('Goals & KPIs'!$A:$A,$J73)="","",INDEX('Goals & KPIs'!$A:$A,$J73))) | B73: =IF($J73="","",INDEX('Goals & KPIs'!$D:$D,$J73)) | C73: =IF($J73="","",INDEX('Goals & KPIs'!$I:$I,$J73)&" → "&INDEX('Goals & KPIs'!$J:$J,$J73)&" "&INDEX('Goals & KPIs'!$F:$F,$J73)) | D73: =IF($J73="","",IF(INDEX('Goals & KPIs'!$K:$K,$J73)="","",TEXT(INDEX('Goals & KPIs'!$K:$K,$J73),"+0.0;-0.0;0")&" WoW")) | E73: =IF($J73="","",IF(INDEX('Goals & KPIs'!$P:$P,$J73)="","",INDEX('Goals & KPIs'!$P:$P,$J73))) | F73: =IF($J73="","",IF(INDEX('Goals & KPIs'!$R:$R,$J73)="","",INDEX('Goals & KPIs'!$R:$R,$J73))) | G73: =IF($J73="","",IF(INDEX('Goals & KPIs'!$L:$L,$J73)="","",INDEX('Goals & KPIs'!$L:$L,$J73))) | H73: =IF($J73="","",IF(INDEX('Goals & KPIs'!$S:$S,$J73)="","",INDEX('Goals & KPIs'!$S:$S,$J73))) | J73: =IFERROR(SMALL('Goals & KPIs'!$T$5:$T$304,2),"")
A74: =IF($J74="","",IF(INDEX('Goals & KPIs'!$A:$A,$J74)="","",INDEX('Goals & KPIs'!$A:$A,$J74))) | B74: =IF($J74="","",INDEX('Goals & KPIs'!$D:$D,$J74)) | C74: =IF($J74="","",INDEX('Goals & KPIs'!$I:$I,$J74)&" → "&INDEX('Goals & KPIs'!$J:$J,$J74)&" "&INDEX('Goals & KPIs'!$F:$F,$J74)) | D74: =IF($J74="","",IF(INDEX('Goals & KPIs'!$K:$K,$J74)="","",TEXT(INDEX('Goals & KPIs'!$K:$K,$J74),"+0.0;-0.0;0")&" WoW")) | E74: =IF($J74="","",IF(INDEX('Goals & KPIs'!$P:$P,$J74)="","",INDEX('Goals & KPIs'!$P:$P,$J74))) | F74: =IF($J74="","",IF(INDEX('Goals & KPIs'!$R:$R,$J74)="","",INDEX('Goals & KPIs'!$R:$R,$J74))) | G74: =IF($J74="","",IF(INDEX('Goals & KPIs'!$L:$L,$J74)="","",INDEX('Goals & KPIs'!$L:$L,$J74))) | H74: =IF($J74="","",IF(INDEX('Goals & KPIs'!$S:$S,$J74)="","",INDEX('Goals & KPIs'!$S:$S,$J74))) | J74: =IFERROR(SMALL('Goals & KPIs'!$T$5:$T$304,3),"")
A75: =IF($J75="","",IF(INDEX('Goals & KPIs'!$A:$A,$J75)="","",INDEX('Goals & KPIs'!$A:$A,$J75))) | B75: =IF($J75="","",INDEX('Goals & KPIs'!$D:$D,$J75)) | C75: =IF($J75="","",INDEX('Goals & KPIs'!$I:$I,$J75)&" → "&INDEX('Goals & KPIs'!$J:$J,$J75)&" "&INDEX('Goals & KPIs'!$F:$F,$J75)) | D75: =IF($J75="","",IF(INDEX('Goals & KPIs'!$K:$K,$J75)="","",TEXT(INDEX('Goals & KPIs'!$K:$K,$J75),"+0.0;-0.0;0")&" WoW")) | E75: =IF($J75="","",IF(INDEX('Goals & KPIs'!$P:$P,$J75)="","",INDEX('Goals & KPIs'!$P:$P,$J75))) | F75: =IF($J75="","",IF(INDEX('Goals & KPIs'!$R:$R,$J75)="","",INDEX('Goals & KPIs'!$R:$R,$J75))) | G75: =IF($J75="","",IF(INDEX('Goals & KPIs'!$L:$L,$J75)="","",INDEX('Goals & KPIs'!$L:$L,$J75))) | H75: =IF($J75="","",IF(INDEX('Goals & KPIs'!$S:$S,$J75)="","",INDEX('Goals & KPIs'!$S:$S,$J75))) | J75: =IFERROR(SMALL('Goals & KPIs'!$T$5:$T$304,4),"")
A76: =IF($J76="","",IF(INDEX('Goals & KPIs'!$A:$A,$J76)="","",INDEX('Goals & KPIs'!$A:$A,$J76))) | B76: =IF($J76="","",INDEX('Goals & KPIs'!$D:$D,$J76)) | C76: =IF($J76="","",INDEX('Goals & KPIs'!$I:$I,$J76)&" → "&INDEX('Goals & KPIs'!$J:$J,$J76)&" "&INDEX('Goals & KPIs'!$F:$F,$J76)) | D76: =IF($J76="","",IF(INDEX('Goals & KPIs'!$K:$K,$J76)="","",TEXT(INDEX('Goals & KPIs'!$K:$K,$J76),"+0.0;-0.0;0")&" WoW")) | E76: =IF($J76="","",IF(INDEX('Goals & KPIs'!$P:$P,$J76)="","",INDEX('Goals & KPIs'!$P:$P,$J76))) | F76: =IF($J76="","",IF(INDEX('Goals & KPIs'!$R:$R,$J76)="","",INDEX('Goals & KPIs'!$R:$R,$J76))) | G76: =IF($J76="","",IF(INDEX('Goals & KPIs'!$L:$L,$J76)="","",INDEX('Goals & KPIs'!$L:$L,$J76))) | H76: =IF($J76="","",IF(INDEX('Goals & KPIs'!$S:$S,$J76)="","",INDEX('Goals & KPIs'!$S:$S,$J76))) | J76: =IFERROR(SMALL('Goals & KPIs'!$T$5:$T$304,5),"")
A77: =IF($J77="","",IF(INDEX('Goals & KPIs'!$A:$A,$J77)="","",INDEX('Goals & KPIs'!$A:$A,$J77))) | B77: =IF($J77="","",INDEX('Goals & KPIs'!$D:$D,$J77)) | C77: =IF($J77="","",INDEX('Goals & KPIs'!$I:$I,$J77)&" → "&INDEX('Goals & KPIs'!$J:$J,$J77)&" "&INDEX('Goals & KPIs'!$F:$F,$J77)) | D77: =IF($J77="","",IF(INDEX('Goals & KPIs'!$K:$K,$J77)="","",TEXT(INDEX('Goals & KPIs'!$K:$K,$J77),"+0.0;-0.0;0")&" WoW")) | E77: =IF($J77="","",IF(INDEX('Goals & KPIs'!$P:$P,$J77)="","",INDEX('Goals & KPIs'!$P:$P,$J77))) | F77: =IF($J77="","",IF(INDEX('Goals & KPIs'!$R:$R,$J77)="","",INDEX('Goals & KPIs'!$R:$R,$J77))) | G77: =IF($J77="","",IF(INDEX('Goals & KPIs'!$L:$L,$J77)="","",INDEX('Goals & KPIs'!$L:$L,$J77))) | H77: =IF($J77="","",IF(INDEX('Goals & KPIs'!$S:$S,$J77)="","",INDEX('Goals & KPIs'!$S:$S,$J77))) | J77: =IFERROR(SMALL('Goals & KPIs'!$T$5:$T$304,6),"")
A79: Developments, milestones & decisions recorded | H79: ="Showing "&MIN(6,COUNT(Developments!$W$5:$W$304))&" of "&COUNT(Developments!$W$5:$W$304)&IF(COUNT(Developments!$W$5:$W$304)>6," — see Developments tab for the rest","") -> Showing 1 of 1
A80: ID | B80: Development | C80: Type | D80: Impact | E80: RAF alignment | F80: Date | G80: Linked IDs | H80: Assessment
A81: =IF($J81="","",IF(INDEX(Developments!$A:$A,$J81)="","",INDEX(Developments!$A:$A,$J81))) -> DEV-001 | B81: =IF(COUNT(Developments!$W$5:$W$304)=0,"— None —",IF($J81="","",IF(INDEX(Developments!$E:$E,$J81)="","",INDEX(Developments!$E:$E,$J81)))) -> EASM scope extension to 3 acquired entities | C81: =IF($J81="","",IF(INDEX(Developments!$C:$C,$J81)="","",INDEX(Developments!$C:$C,$J81))) -> Scope Change | D81: =IF($J81="","",IF(INDEX(Developments!$J:$J,$J81)="","",INDEX(Developments!$J:$J,$J81))) -> High | E81: =IF($J81="","",IF(INDEX(Developments!$L:$L,$J81)="","",INDEX(Developments!$L:$L,$J81))) -> Not Assessed | F81: =IF($J81="","",IF(INDEX(Developments!$B:$B,$J81)="","",INDEX(Developments!$B:$B,$J81))) -> 46310 | G81: =IF($J81="","",IF(INDEX(Developments!$S:$S,$J81)="","",INDEX(Developments!$S:$S,$J81))) -> MTG-001; TSK-001 | H81: =IF($J81="","",IF(INDEX(Developments!$G:$G,$J81)="","",INDEX(Developments!$G:$G,$J81))) -> Acquired estates likely run legacy remote-access stacks outside Group patch governance – elevated concentration of unmanaged exposure | J81: =IFERROR(SMALL(Developments!$W$5:$W$304,1),"") -> 5
A82: =IF($J82="","",IF(INDEX(Developments!$A:$A,$J82)="","",INDEX(Developments!$A:$A,$J82))) | B82: =IF($J82="","",IF(INDEX(Developments!$E:$E,$J82)="","",INDEX(Developments!$E:$E,$J82))) | C82: =IF($J82="","",IF(INDEX(Developments!$C:$C,$J82)="","",INDEX(Developments!$C:$C,$J82))) | D82: =IF($J82="","",IF(INDEX(Developments!$J:$J,$J82)="","",INDEX(Developments!$J:$J,$J82))) | E82: =IF($J82="","",IF(INDEX(Developments!$L:$L,$J82)="","",INDEX(Developments!$L:$L,$J82))) | F82: =IF($J82="","",IF(INDEX(Developments!$B:$B,$J82)="","",INDEX(Developments!$B:$B,$J82))) | G82: =IF($J82="","",IF(INDEX(Developments!$S:$S,$J82)="","",INDEX(Developments!$S:$S,$J82))) | H82: =IF($J82="","",IF(INDEX(Developments!$G:$G,$J82)="","",INDEX(Developments!$G:$G,$J82))) | J82: =IFERROR(SMALL(Developments!$W$5:$W$304,2),"")
A83: =IF($J83="","",IF(INDEX(Developments!$A:$A,$J83)="","",INDEX(Developments!$A:$A,$J83))) | B83: =IF($J83="","",IF(INDEX(Developments!$E:$E,$J83)="","",INDEX(Developments!$E:$E,$J83))) | C83: =IF($J83="","",IF(INDEX(Developments!$C:$C,$J83)="","",INDEX(Developments!$C:$C,$J83))) | D83: =IF($J83="","",IF(INDEX(Developments!$J:$J,$J83)="","",INDEX(Developments!$J:$J,$J83))) | E83: =IF($J83="","",IF(INDEX(Developments!$L:$L,$J83)="","",INDEX(Developments!$L:$L,$J83))) | F83: =IF($J83="","",IF(INDEX(Developments!$B:$B,$J83)="","",INDEX(Developments!$B:$B,$J83))) | G83: =IF($J83="","",IF(INDEX(Developments!$S:$S,$J83)="","",INDEX(Developments!$S:$S,$J83))) | H83: =IF($J83="","",IF(INDEX(Developments!$G:$G,$J83)="","",INDEX(Developments!$G:$G,$J83))) | J83: =IFERROR(SMALL(Developments!$W$5:$W$304,3),"")
A84: =IF($J84="","",IF(INDEX(Developments!$A:$A,$J84)="","",INDEX(Developments!$A:$A,$J84))) | B84: =IF($J84="","",IF(INDEX(Developments!$E:$E,$J84)="","",INDEX(Developments!$E:$E,$J84))) | C84: =IF($J84="","",IF(INDEX(Developments!$C:$C,$J84)="","",INDEX(Developments!$C:$C,$J84))) | D84: =IF($J84="","",IF(INDEX(Developments!$J:$J,$J84)="","",INDEX(Developments!$J:$J,$J84))) | E84: =IF($J84="","",IF(INDEX(Developments!$L:$L,$J84)="","",INDEX(Developments!$L:$L,$J84))) | F84: =IF($J84="","",IF(INDEX(Developments!$B:$B,$J84)="","",INDEX(Developments!$B:$B,$J84))) | G84: =IF($J84="","",IF(INDEX(Developments!$S:$S,$J84)="","",INDEX(Developments!$S:$S,$J84))) | H84: =IF($J84="","",IF(INDEX(Developments!$G:$G,$J84)="","",INDEX(Developments!$G:$G,$J84))) | J84: =IFERROR(SMALL(Developments!$W$5:$W$304,4),"")
A85: =IF($J85="","",IF(INDEX(Developments!$A:$A,$J85)="","",INDEX(Developments!$A:$A,$J85))) | B85: =IF($J85="","",IF(INDEX(Developments!$E:$E,$J85)="","",INDEX(Developments!$E:$E,$J85))) | C85: =IF($J85="","",IF(INDEX(Developments!$C:$C,$J85)="","",INDEX(Developments!$C:$C,$J85))) | D85: =IF($J85="","",IF(INDEX(Developments!$J:$J,$J85)="","",INDEX(Developments!$J:$J,$J85))) | E85: =IF($J85="","",IF(INDEX(Developments!$L:$L,$J85)="","",INDEX(Developments!$L:$L,$J85))) | F85: =IF($J85="","",IF(INDEX(Developments!$B:$B,$J85)="","",INDEX(Developments!$B:$B,$J85))) | G85: =IF($J85="","",IF(INDEX(Developments!$S:$S,$J85)="","",INDEX(Developments!$S:$S,$J85))) | H85: =IF($J85="","",IF(INDEX(Developments!$G:$G,$J85)="","",INDEX(Developments!$G:$G,$J85))) | J85: =IFERROR(SMALL(Developments!$W$5:$W$304,5),"")
A86: =IF($J86="","",IF(INDEX(Developments!$A:$A,$J86)="","",INDEX(Developments!$A:$A,$J86))) | B86: =IF($J86="","",IF(INDEX(Developments!$E:$E,$J86)="","",INDEX(Developments!$E:$E,$J86))) | C86: =IF($J86="","",IF(INDEX(Developments!$C:$C,$J86)="","",INDEX(Developments!$C:$C,$J86))) | D86: =IF($J86="","",IF(INDEX(Developments!$J:$J,$J86)="","",INDEX(Developments!$J:$J,$J86))) | E86: =IF($J86="","",IF(INDEX(Developments!$L:$L,$J86)="","",INDEX(Developments!$L:$L,$J86))) | F86: =IF($J86="","",IF(INDEX(Developments!$B:$B,$J86)="","",INDEX(Developments!$B:$B,$J86))) | G86: =IF($J86="","",IF(INDEX(Developments!$S:$S,$J86)="","",INDEX(Developments!$S:$S,$J86))) | H86: =IF($J86="","",IF(INDEX(Developments!$G:$G,$J86)="","",INDEX(Developments!$G:$G,$J86))) | J86: =IFERROR(SMALL(Developments!$W$5:$W$304,6),"")
A88: Meetings held | H88: ="Showing "&MIN(6,COUNT(Meetings!$X$5:$X$304))&" of "&COUNT(Meetings!$X$5:$X$304)&IF(COUNT(Meetings!$X$5:$X$304)>6," — see Meetings tab for the rest","") -> Showing 1 of 1
A89: ID | B89: Meeting | C89: Type | D89: Organiser | E89: LoD | F89: Date | G89: Follow-up | H89: Decisions taken
A90: =IF($J90="","",IF(INDEX(Meetings!$A:$A,$J90)="","",INDEX(Meetings!$A:$A,$J90))) -> MTG-001 | B90: =IF(COUNT(Meetings!$X$5:$X$304)=0,"— None —",IF($J90="","",IF(INDEX(Meetings!$G:$G,$J90)="","",INDEX(Meetings!$G:$G,$J90)))) -> EASM baseline – scope validation with Group Infrastructure | C90: =IF($J90="","",IF(INDEX(Meetings!$E:$E,$J90)="","",INDEX(Meetings!$E:$E,$J90))) -> Working Session | D90: =IF($J90="","",IF(INDEX(Meetings!$H:$H,$J90)="","",INDEX(Meetings!$H:$H,$J90))) -> Me (2LoD CRI) | E90: =IF($J90="","",IF(INDEX(Meetings!$J:$J,$J90)="","",INDEX(Meetings!$J:$J,$J90))) -> Multiple | F90: =IF($J90="","",IF(INDEX(Meetings!$B:$B,$J90)="","",INDEX(Meetings!$B:$B,$J90))) -> 46310 | G90: =IF($J90="","",IF(INDEX(Meetings!$R:$R,$J90)="","",INDEX(Meetings!$R:$R,$J90))) -> 46325 | H90: =IF($J90="","",IF(INDEX(Meetings!$M:$M,$J90)="","",INDEX(Meetings!$M:$M,$J90))) -> Scope extension to 3 acquired entities proposed to Mission Sponsor (DEV-001) | J90: =IFERROR(SMALL(Meetings!$X$5:$X$304,1),"") -> 5
A91: =IF($J91="","",IF(INDEX(Meetings!$A:$A,$J91)="","",INDEX(Meetings!$A:$A,$J91))) | B91: =IF($J91="","",IF(INDEX(Meetings!$G:$G,$J91)="","",INDEX(Meetings!$G:$G,$J91))) | C91: =IF($J91="","",IF(INDEX(Meetings!$E:$E,$J91)="","",INDEX(Meetings!$E:$E,$J91))) | D91: =IF($J91="","",IF(INDEX(Meetings!$H:$H,$J91)="","",INDEX(Meetings!$H:$H,$J91))) | E91: =IF($J91="","",IF(INDEX(Meetings!$J:$J,$J91)="","",INDEX(Meetings!$J:$J,$J91))) | F91: =IF($J91="","",IF(INDEX(Meetings!$B:$B,$J91)="","",INDEX(Meetings!$B:$B,$J91))) | G91: =IF($J91="","",IF(INDEX(Meetings!$R:$R,$J91)="","",INDEX(Meetings!$R:$R,$J91))) | H91: =IF($J91="","",IF(INDEX(Meetings!$M:$M,$J91)="","",INDEX(Meetings!$M:$M,$J91))) | J91: =IFERROR(SMALL(Meetings!$X$5:$X$304,2),"")
A92: =IF($J92="","",IF(INDEX(Meetings!$A:$A,$J92)="","",INDEX(Meetings!$A:$A,$J92))) | B92: =IF($J92="","",IF(INDEX(Meetings!$G:$G,$J92)="","",INDEX(Meetings!$G:$G,$J92))) | C92: =IF($J92="","",IF(INDEX(Meetings!$E:$E,$J92)="","",INDEX(Meetings!$E:$E,$J92))) | D92: =IF($J92="","",IF(INDEX(Meetings!$H:$H,$J92)="","",INDEX(Meetings!$H:$H,$J92))) | E92: =IF($J92="","",IF(INDEX(Meetings!$J:$J,$J92)="","",INDEX(Meetings!$J:$J,$J92))) | F92: =IF($J92="","",IF(INDEX(Meetings!$B:$B,$J92)="","",INDEX(Meetings!$B:$B,$J92))) | G92: =IF($J92="","",IF(INDEX(Meetings!$R:$R,$J92)="","",INDEX(Meetings!$R:$R,$J92))) | H92: =IF($J92="","",IF(INDEX(Meetings!$M:$M,$J92)="","",INDEX(Meetings!$M:$M,$J92))) | J92: =IFERROR(SMALL(Meetings!$X$5:$X$304,3),"")
A93: =IF($J93="","",IF(INDEX(Meetings!$A:$A,$J93)="","",INDEX(Meetings!$A:$A,$J93))) | B93: =IF($J93="","",IF(INDEX(Meetings!$G:$G,$J93)="","",INDEX(Meetings!$G:$G,$J93))) | C93: =IF($J93="","",IF(INDEX(Meetings!$E:$E,$J93)="","",INDEX(Meetings!$E:$E,$J93))) | D93: =IF($J93="","",IF(INDEX(Meetings!$H:$H,$J93)="","",INDEX(Meetings!$H:$H,$J93))) | E93: =IF($J93="","",IF(INDEX(Meetings!$J:$J,$J93)="","",INDEX(Meetings!$J:$J,$J93))) | F93: =IF($J93="","",IF(INDEX(Meetings!$B:$B,$J93)="","",INDEX(Meetings!$B:$B,$J93))) | G93: =IF($J93="","",IF(INDEX(Meetings!$R:$R,$J93)="","",INDEX(Meetings!$R:$R,$J93))) | H93: =IF($J93="","",IF(INDEX(Meetings!$M:$M,$J93)="","",INDEX(Meetings!$M:$M,$J93))) | J93: =IFERROR(SMALL(Meetings!$X$5:$X$304,4),"")
A94: =IF($J94="","",IF(INDEX(Meetings!$A:$A,$J94)="","",INDEX(Meetings!$A:$A,$J94))) | B94: =IF($J94="","",IF(INDEX(Meetings!$G:$G,$J94)="","",INDEX(Meetings!$G:$G,$J94))) | C94: =IF($J94="","",IF(INDEX(Meetings!$E:$E,$J94)="","",INDEX(Meetings!$E:$E,$J94))) | D94: =IF($J94="","",IF(INDEX(Meetings!$H:$H,$J94)="","",INDEX(Meetings!$H:$H,$J94))) | E94: =IF($J94="","",IF(INDEX(Meetings!$J:$J,$J94)="","",INDEX(Meetings!$J:$J,$J94))) | F94: =IF($J94="","",IF(INDEX(Meetings!$B:$B,$J94)="","",INDEX(Meetings!$B:$B,$J94))) | G94: =IF($J94="","",IF(INDEX(Meetings!$R:$R,$J94)="","",INDEX(Meetings!$R:$R,$J94))) | H94: =IF($J94="","",IF(INDEX(Meetings!$M:$M,$J94)="","",INDEX(Meetings!$M:$M,$J94))) | J94: =IFERROR(SMALL(Meetings!$X$5:$X$304,5),"")
A95: =IF($J95="","",IF(INDEX(Meetings!$A:$A,$J95)="","",INDEX(Meetings!$A:$A,$J95))) | B95: =IF($J95="","",IF(INDEX(Meetings!$G:$G,$J95)="","",INDEX(Meetings!$G:$G,$J95))) | C95: =IF($J95="","",IF(INDEX(Meetings!$E:$E,$J95)="","",INDEX(Meetings!$E:$E,$J95))) | D95: =IF($J95="","",IF(INDEX(Meetings!$H:$H,$J95)="","",INDEX(Meetings!$H:$H,$J95))) | E95: =IF($J95="","",IF(INDEX(Meetings!$J:$J,$J95)="","",INDEX(Meetings!$J:$J,$J95))) | F95: =IF($J95="","",IF(INDEX(Meetings!$B:$B,$J95)="","",INDEX(Meetings!$B:$B,$J95))) | G95: =IF($J95="","",IF(INDEX(Meetings!$R:$R,$J95)="","",INDEX(Meetings!$R:$R,$J95))) | H95: =IF($J95="","",IF(INDEX(Meetings!$M:$M,$J95)="","",INDEX(Meetings!$M:$M,$J95))) | J95: =IFERROR(SMALL(Meetings!$X$5:$X$304,6),"")
A97: Comment | B97: =IF($J$8="","(no Weekly Status Log entry for this meeting date)",IF(INDEX('Weekly Status Log'!$E$5:$E$108,$J$8)="","(no commentary entered)",INDEX('Weekly Status Log'!$E$5:$E$108,$J$8))) -> Phase 1 closed; Entity A reconciled (+4pp attribution); critical legacy VPN exposure identified at acquired Entity B.
A99: 4 · CURRENT WORK
A100: Tasks In Progress | H100: ="Showing "&MIN(10,COUNT(Tasks!$AB$5:$AB$304))&" of "&COUNT(Tasks!$AB$5:$AB$304)&IF(COUNT(Tasks!$AB$5:$AB$304)>10," — see Tasks tab for the rest","") -> Showing 1 of 1
A101: ID | B101: Task | C101: Workstream | D101: Owner | E101: Priority | F101: Start | G101: Due | H101: % complete · due flag · latest note
A102: =IF($J102="","",IF(INDEX(Tasks!$A:$A,$J102)="","",INDEX(Tasks!$A:$A,$J102))) -> TSK-001 | B102: =IF(COUNT(Tasks!$AB$5:$AB$304)=0,"— None —",IF($J102="","",IF(INDEX(Tasks!$F:$F,$J102)="","",INDEX(Tasks!$F:$F,$J102)))) -> Reconcile EASM-discovered assets against CMDB extract; quantify unattributed / unknown assets by legal entity | C102: =IF($J102="","",IF(INDEX(Tasks!$E:$E,$J102)="","",INDEX(Tasks!$E:$E,$J102))) -> Attribution & Ownership | D102: =IF($J102="","",IF(INDEX(Tasks!$H:$H,$J102)="","",INDEX(Tasks!$H:$H,$J102))) -> Me (2LoD CRI) | E102: =IF($J102="","",IF(INDEX(Tasks!$J:$J,$J102)="","",INDEX(Tasks!$J:$J,$J102))) -> High | F102: =IF($J102="","",IF(INDEX(Tasks!$L:$L,$J102)="","",INDEX(Tasks!$L:$L,$J102))) -> 46311 | G102: =IF($J102="","",IF(INDEX(Tasks!$M:$M,$J102)="","",INDEX(Tasks!$M:$M,$J102))) -> 46332 | H102: =IF($J102="","",TEXT(INDEX(Tasks!$O:$O,$J102),"0%")&IF(INDEX(Tasks!$X:$X,$J102)<>""," · "&INDEX(Tasks!$X:$X,$J102),"")&IF(INDEX(Tasks!$R:$R,$J102)<>""," · "&INDEX(Tasks!$R:$R,$J102),"")) -> 25% · On Schedule · CMDB extract received for 2 of 3 entities; reconciliation of Entity A complete (41 unmapped hosts) | J102: =IFERROR(SMALL(Tasks!$AB$5:$AB$304,1),"") -> 5
A103: =IF($J103="","",IF(INDEX(Tasks!$A:$A,$J103)="","",INDEX(Tasks!$A:$A,$J103))) | B103: =IF($J103="","",IF(INDEX(Tasks!$F:$F,$J103)="","",INDEX(Tasks!$F:$F,$J103))) | C103: =IF($J103="","",IF(INDEX(Tasks!$E:$E,$J103)="","",INDEX(Tasks!$E:$E,$J103))) | D103: =IF($J103="","",IF(INDEX(Tasks!$H:$H,$J103)="","",INDEX(Tasks!$H:$H,$J103))) | E103: =IF($J103="","",IF(INDEX(Tasks!$J:$J,$J103)="","",INDEX(Tasks!$J:$J,$J103))) | F103: =IF($J103="","",IF(INDEX(Tasks!$L:$L,$J103)="","",INDEX(Tasks!$L:$L,$J103))) | G103: =IF($J103="","",IF(INDEX(Tasks!$M:$M,$J103)="","",INDEX(Tasks!$M:$M,$J103))) | H103: =IF($J103="","",TEXT(INDEX(Tasks!$O:$O,$J103),"0%")&IF(INDEX(Tasks!$X:$X,$J103)<>""," · "&INDEX(Tasks!$X:$X,$J103),"")&IF(INDEX(Tasks!$R:$R,$J103)<>""," · "&INDEX(Tasks!$R:$R,$J103),"")) | J103: =IFERROR(SMALL(Tasks!$AB$5:$AB$304,2),"")
A104: =IF($J104="","",IF(INDEX(Tasks!$A:$A,$J104)="","",INDEX(Tasks!$A:$A,$J104))) | B104: =IF($J104="","",IF(INDEX(Tasks!$F:$F,$J104)="","",INDEX(Tasks!$F:$F,$J104))) | C104: =IF($J104="","",IF(INDEX(Tasks!$E:$E,$J104)="","",INDEX(Tasks!$E:$E,$J104))) | D104: =IF($J104="","",IF(INDEX(Tasks!$H:$H,$J104)="","",INDEX(Tasks!$H:$H,$J104))) | E104: =IF($J104="","",IF(INDEX(Tasks!$J:$J,$J104)="","",INDEX(Tasks!$J:$J,$J104))) | F104: =IF($J104="","",IF(INDEX(Tasks!$L:$L,$J104)="","",INDEX(Tasks!$L:$L,$J104))) | G104: =IF($J104="","",IF(INDEX(Tasks!$M:$M,$J104)="","",INDEX(Tasks!$M:$M,$J104))) | H104: =IF($J104="","",TEXT(INDEX(Tasks!$O:$O,$J104),"0%")&IF(INDEX(Tasks!$X:$X,$J104)<>""," · "&INDEX(Tasks!$X:$X,$J104),"")&IF(INDEX(Tasks!$R:$R,$J104)<>""," · "&INDEX(Tasks!$R:$R,$J104),"")) | J104: =IFERROR(SMALL(Tasks!$AB$5:$AB$304,3),"")
A105: =IF($J105="","",IF(INDEX(Tasks!$A:$A,$J105)="","",INDEX(Tasks!$A:$A,$J105))) | B105: =IF($J105="","",IF(INDEX(Tasks!$F:$F,$J105)="","",INDEX(Tasks!$F:$F,$J105))) | C105: =IF($J105="","",IF(INDEX(Tasks!$E:$E,$J105)="","",INDEX(Tasks!$E:$E,$J105))) | D105: =IF($J105="","",IF(INDEX(Tasks!$H:$H,$J105)="","",INDEX(Tasks!$H:$H,$J105))) | E105: =IF($J105="","",IF(INDEX(Tasks!$J:$J,$J105)="","",INDEX(Tasks!$J:$J,$J105))) | F105: =IF($J105="","",IF(INDEX(Tasks!$L:$L,$J105)="","",INDEX(Tasks!$L:$L,$J105))) | G105: =IF($J105="","",IF(INDEX(Tasks!$M:$M,$J105)="","",INDEX(Tasks!$M:$M,$J105))) | H105: =IF($J105="","",TEXT(INDEX(Tasks!$O:$O,$J105),"0%")&IF(INDEX(Tasks!$X:$X,$J105)<>""," · "&INDEX(Tasks!$X:$X,$J105),"")&IF(INDEX(Tasks!$R:$R,$J105)<>""," · "&INDEX(Tasks!$R:$R,$J105),"")) | J105: =IFERROR(SMALL(Tasks!$AB$5:$AB$304,4),"")
A106: =IF($J106="","",IF(INDEX(Tasks!$A:$A,$J106)="","",INDEX(Tasks!$A:$A,$J106))) | B106: =IF($J106="","",IF(INDEX(Tasks!$F:$F,$J106)="","",INDEX(Tasks!$F:$F,$J106))) | C106: =IF($J106="","",IF(INDEX(Tasks!$E:$E,$J106)="","",INDEX(Tasks!$E:$E,$J106))) | D106: =IF($J106="","",IF(INDEX(Tasks!$H:$H,$J106)="","",INDEX(Tasks!$H:$H,$J106))) | E106: =IF($J106="","",IF(INDEX(Tasks!$J:$J,$J106)="","",INDEX(Tasks!$J:$J,$J106))) | F106: =IF($J106="","",IF(INDEX(Tasks!$L:$L,$J106)="","",INDEX(Tasks!$L:$L,$J106))) | G106: =IF($J106="","",IF(INDEX(Tasks!$M:$M,$J106)="","",INDEX(Tasks!$M:$M,$J106))) | H106: =IF($J106="","",TEXT(INDEX(Tasks!$O:$O,$J106),"0%")&IF(INDEX(Tasks!$X:$X,$J106)<>""," · "&INDEX(Tasks!$X:$X,$J106),"")&IF(INDEX(Tasks!$R:$R,$J106)<>""," · "&INDEX(Tasks!$R:$R,$J106),"")) | J106: =IFERROR(SMALL(Tasks!$AB$5:$AB$304,5),"")
A107: =IF($J107="","",IF(INDEX(Tasks!$A:$A,$J107)="","",INDEX(Tasks!$A:$A,$J107))) | B107: =IF($J107="","",IF(INDEX(Tasks!$F:$F,$J107)="","",INDEX(Tasks!$F:$F,$J107))) | C107: =IF($J107="","",IF(INDEX(Tasks!$E:$E,$J107)="","",INDEX(Tasks!$E:$E,$J107))) | D107: =IF($J107="","",IF(INDEX(Tasks!$H:$H,$J107)="","",INDEX(Tasks!$H:$H,$J107))) | E107: =IF($J107="","",IF(INDEX(Tasks!$J:$J,$J107)="","",INDEX(Tasks!$J:$J,$J107))) | F107: =IF($J107="","",IF(INDEX(Tasks!$L:$L,$J107)="","",INDEX(Tasks!$L:$L,$J107))) | G107: =IF($J107="","",IF(INDEX(Tasks!$M:$M,$J107)="","",INDEX(Tasks!$M:$M,$J107))) | H107: =IF($J107="","",TEXT(INDEX(Tasks!$O:$O,$J107),"0%")&IF(INDEX(Tasks!$X:$X,$J107)<>""," · "&INDEX(Tasks!$X:$X,$J107),"")&IF(INDEX(Tasks!$R:$R,$J107)<>""," · "&INDEX(Tasks!$R:$R,$J107),"")) | J107: =IFERROR(SMALL(Tasks!$AB$5:$AB$304,6),"")
A108: =IF($J108="","",IF(INDEX(Tasks!$A:$A,$J108)="","",INDEX(Tasks!$A:$A,$J108))) | B108: =IF($J108="","",IF(INDEX(Tasks!$F:$F,$J108)="","",INDEX(Tasks!$F:$F,$J108))) | C108: =IF($J108="","",IF(INDEX(Tasks!$E:$E,$J108)="","",INDEX(Tasks!$E:$E,$J108))) | D108: =IF($J108="","",IF(INDEX(Tasks!$H:$H,$J108)="","",INDEX(Tasks!$H:$H,$J108))) | E108: =IF($J108="","",IF(INDEX(Tasks!$J:$J,$J108)="","",INDEX(Tasks!$J:$J,$J108))) | F108: =IF($J108="","",IF(INDEX(Tasks!$L:$L,$J108)="","",INDEX(Tasks!$L:$L,$J108))) | G108: =IF($J108="","",IF(INDEX(Tasks!$M:$M,$J108)="","",INDEX(Tasks!$M:$M,$J108))) | H108: =IF($J108="","",TEXT(INDEX(Tasks!$O:$O,$J108),"0%")&IF(INDEX(Tasks!$X:$X,$J108)<>""," · "&INDEX(Tasks!$X:$X,$J108),"")&IF(INDEX(Tasks!$R:$R,$J108)<>""," · "&INDEX(Tasks!$R:$R,$J108),"")) | J108: =IFERROR(SMALL(Tasks!$AB$5:$AB$304,7),"")
A109: =IF($J109="","",IF(INDEX(Tasks!$A:$A,$J109)="","",INDEX(Tasks!$A:$A,$J109))) | B109: =IF($J109="","",IF(INDEX(Tasks!$F:$F,$J109)="","",INDEX(Tasks!$F:$F,$J109))) | C109: =IF($J109="","",IF(INDEX(Tasks!$E:$E,$J109)="","",INDEX(Tasks!$E:$E,$J109))) | D109: =IF($J109="","",IF(INDEX(Tasks!$H:$H,$J109)="","",INDEX(Tasks!$H:$H,$J109))) | E109: =IF($J109="","",IF(INDEX(Tasks!$J:$J,$J109)="","",INDEX(Tasks!$J:$J,$J109))) | F109: =IF($J109="","",IF(INDEX(Tasks!$L:$L,$J109)="","",INDEX(Tasks!$L:$L,$J109))) | G109: =IF($J109="","",IF(INDEX(Tasks!$M:$M,$J109)="","",INDEX(Tasks!$M:$M,$J109))) | H109: =IF($J109="","",TEXT(INDEX(Tasks!$O:$O,$J109),"0%")&IF(INDEX(Tasks!$X:$X,$J109)<>""," · "&INDEX(Tasks!$X:$X,$J109),"")&IF(INDEX(Tasks!$R:$R,$J109)<>""," · "&INDEX(Tasks!$R:$R,$J109),"")) | J109: =IFERROR(SMALL(Tasks!$AB$5:$AB$304,8),"")
A110: =IF($J110="","",IF(INDEX(Tasks!$A:$A,$J110)="","",INDEX(Tasks!$A:$A,$J110))) | B110: =IF($J110="","",IF(INDEX(Tasks!$F:$F,$J110)="","",INDEX(Tasks!$F:$F,$J110))) | C110: =IF($J110="","",IF(INDEX(Tasks!$E:$E,$J110)="","",INDEX(Tasks!$E:$E,$J110))) | D110: =IF($J110="","",IF(INDEX(Tasks!$H:$H,$J110)="","",INDEX(Tasks!$H:$H,$J110))) | E110: =IF($J110="","",IF(INDEX(Tasks!$J:$J,$J110)="","",INDEX(Tasks!$J:$J,$J110))) | F110: =IF($J110="","",IF(INDEX(Tasks!$L:$L,$J110)="","",INDEX(Tasks!$L:$L,$J110))) | G110: =IF($J110="","",IF(INDEX(Tasks!$M:$M,$J110)="","",INDEX(Tasks!$M:$M,$J110))) | H110: =IF($J110="","",TEXT(INDEX(Tasks!$O:$O,$J110),"0%")&IF(INDEX(Tasks!$X:$X,$J110)<>""," · "&INDEX(Tasks!$X:$X,$J110),"")&IF(INDEX(Tasks!$R:$R,$J110)<>""," · "&INDEX(Tasks!$R:$R,$J110),"")) | J110: =IFERROR(SMALL(Tasks!$AB$5:$AB$304,9),"")
A111: =IF($J111="","",IF(INDEX(Tasks!$A:$A,$J111)="","",INDEX(Tasks!$A:$A,$J111))) | B111: =IF($J111="","",IF(INDEX(Tasks!$F:$F,$J111)="","",INDEX(Tasks!$F:$F,$J111))) | C111: =IF($J111="","",IF(INDEX(Tasks!$E:$E,$J111)="","",INDEX(Tasks!$E:$E,$J111))) | D111: =IF($J111="","",IF(INDEX(Tasks!$H:$H,$J111)="","",INDEX(Tasks!$H:$H,$J111))) | E111: =IF($J111="","",IF(INDEX(Tasks!$J:$J,$J111)="","",INDEX(Tasks!$J:$J,$J111))) | F111: =IF($J111="","",IF(INDEX(Tasks!$L:$L,$J111)="","",INDEX(Tasks!$L:$L,$J111))) | G111: =IF($J111="","",IF(INDEX(Tasks!$M:$M,$J111)="","",INDEX(Tasks!$M:$M,$J111))) | H111: =IF($J111="","",TEXT(INDEX(Tasks!$O:$O,$J111),"0%")&IF(INDEX(Tasks!$X:$X,$J111)<>""," · "&INDEX(Tasks!$X:$X,$J111),"")&IF(INDEX(Tasks!$R:$R,$J111)<>""," · "&INDEX(Tasks!$R:$R,$J111),"")) | J111: =IFERROR(SMALL(Tasks!$AB$5:$AB$304,10),"")
A113: Comment | B113: =IF($J$8="","(no Weekly Status Log entry for this meeting date)",IF(INDEX('Weekly Status Log'!$F$5:$F$108,$J$8)="","(no commentary entered)",INDEX('Weekly Status Log'!$F$5:$F$108,$J$8))) -> CMDB reconciliation for Entities B–C; validation of FND-001 with Network Security.
...

Sheet Weekly Status Log
A1: Weekly Status Log
A2: One row per weekly meeting: your RAG call, one-sentence rationale and commentary. The Weekly Report picks up the latest row automatically.
A3: White cells = your input | Grey cells = automatic (do not overwrite) | Row 5 is an illustrative example (italic) — overwrite or delete it.
A4: Week ID | B4: Meeting Date | C4: Overall Status (RAG) | D4: Why — one sentence | E4: Progress Highlights (commentary) | F4: Current Work (commentary) | G4: Findings Commentary | H4: Blockers / Dependencies (commentary) | I4: Plan for Next Week (commentary) | J4: Escalation / Decision Needed (commentary) | K4: Decisions Taken at Meeting | L4: Actions Agreed (Task IDs) | M4: Previous RAG | N4: RAG Trend | O4: Notes
A5: WSR-001 | B5: 46315 | C5: Amber | D5: Discovery is on plan, but attribution is constrained by an outstanding 1LoD CMDB extract and an open sponsor decision on scope extension. | E5: Phase 1 closed; Entity A reconciled (+4pp attribution); critical legacy VPN exposure identified at acquired Entity B. | F5: CMDB reconciliation for Entities B–C; validation of FND-001 with Network Security. | G5: FND-001 (Critical) under validation; single-vendor remote-access concentration across acquired entities. | H5: Entity C CMDB extract (Network Security, needed 23-Oct). | I5: Complete reconciliation; confirm FND-001 exploitability and remediation owner; prepare Phase 3 test plan. | J5: Sponsor approval of scope extension and +3 weeks on Phase 2 (DEV-001, by 30-Oct). | M5: =IF(B5="","",IF(_xlfn.MAXIFS($B$5:$B$108,$B$5:$B$108,"<"&B5)=0,"",IF(INDEX($C$5:$C$108,MATCH(_xlfn.MAXIFS($B$5:$B$108,$B$5:$B$108,"<"&B5),$B$5:$B$108,0))="","",INDEX($C$5:$C$108,MATCH(_xlfn.MAXIFS($B$5:$B$108,$B$5:$B$108,"<"&B5),$B$5:$B$108,0))))) | N5: =IF(OR(C5="",M5=""),"",IF(MATCH(C5,{"Red","Amber","Green"},0)>MATCH(M5,{"Red","Amber","Green"},0),"▲ Improving",IF(MATCH(C5,{"Red","Amber","Green"},0)<MATCH(M5,{"Red","Amber","Green"},0),"▼ Deteriorating","► Stable")))
A6: WSR-002 | M6: =IF(B6="","",IF(_xlfn.MAXIFS($B$5:$B$108,$B$5:$B$108,"<"&B6)=0,"",IF(INDEX($C$5:$C$108,MATCH(_xlfn.MAXIFS($B$5:$B$108,$B$5:$B$108,"<"&B6),$B$5:$B$108,0))="","",INDEX($C$5:$C$108,MATCH(_xlfn.MAXIFS($B$5:$B$108,$B$5:$B$108,"<"&B6),$B$5:$B$108,0))))) | N6: =IF(OR(C6="",M6=""),"",IF(MATCH(C6,{"Red","Amber","Green"},0)>MATCH(M6,{"Red","Amber","Green"},0),"▲ Improving",IF(MATCH(C6,{"Red","Amber","Green"},0)<MATCH(M6,{"Red","Amber","Green"},0),"▼ Deteriorating","► Stable")))
A7: WSR-003 | M7: =IF(B7="","",IF(_xlfn.MAXIFS($B$5:$B$108,$B$5:$B$108,"<"&B7)=0,"",IF(INDEX($C$5:$C$108,MATCH(_xlfn.MAXIFS($B$5:$B$108,$B$5:$B$108,"<"&B7),$B$5:$B$108,0))="","",INDEX($C$5:$C$108,MATCH(_xlfn.MAXIFS($B$5:$B$108,$B$5:$B$108,"<"&B7),$B$5:$B$108,0))))) | N7: =IF(OR(C7="",M7=""),"",IF(MATCH(C7,{"Red","Amber","Green"},0)>MATCH(M7,{"Red","Amber","Green"},0),"▲ Improving",IF(MATCH(C7,{"Red","Amber","Green"},0)<MATCH(M7,{"Red","Amber","Green"},0),"▼ Deteriorating","► Stable")))
A8: WSR-004 | M8: =IF(B8="","",IF(_xlfn.MAXIFS($B$5:$B$108,$B$5:$B$108,"<"&B8)=0,"",IF(INDEX($C$5:$C$108,MATCH(_xlfn.MAXIFS($B$5:$B$108,$B$5:$B$108,"<"&B8),$B$5:$B$108,0))="","",INDEX($C$5:$C$108,MATCH(_xlfn.MAXIFS($B$5:$B$108,$B$5:$B$108,"<"&B8),$B$5:$B$108,0))))) | N8: =IF(OR(C8="",M8=""),"",IF(MATCH(C8,{"Red","Amber","Green"},0)>MATCH(M8,{"Red","Amber","Green"},0),"▲ Improving",IF(MATCH(C8,{"Red","Amber","Green"},0)<MATCH(M8,{"Red","Amber","Green"},0),"▼ Deteriorating","► Stable")))
A9: WSR-005 | M9: =IF(B9="","",IF(_xlfn.MAXIFS($B$5:$B$108,$B$5:$B$108,"<"&B9)=0,"",IF(INDEX($C$5:$C$108,MATCH(_xlfn.MAXIFS($B$5:$B$108,$B$5:$B$108,"<"&B9),$B$5:$B$108,0))="","",INDEX($C$5:$C$108,MATCH(_xlfn.MAXIFS($B$5:$B$108,$B$5:$B$108,"<"&B9),$B$5:$B$108,0))))) | N9: =IF(OR(C9="",M9=""),"",IF(MATCH(C9,{"Red","Amber","Green"},0)>MATCH(M9,{"Red","Amber","Green"},0),"▲ Improving",IF(MATCH(C9,{"Red","Amber","Green"},0)<MATCH(M9,{"Red","Amber","Green"},0),"▼ Deteriorating","► Stable")))
A10: WSR-006 | M10: =IF(B10="","",IF(_xlfn.MAXIFS($B$5:$B$108,$B$5:$B$108,"<"&B10)=0,"",IF(INDEX($C$5:$C$108,MATCH(_xlfn.MAXIFS($B$5:$B$108,$B$5:$B$108,"<"&B10),$B$5:$B$108,0))="","",INDEX($C$5:$C$108,MATCH(_xlfn.MAXIFS($B$5:$B$108,$B$5:$B$108,"<"&B10),$B$5:$B$108,0))))) | N10: =IF(OR(C10="",M10=""),"",IF(MATCH(C10,{"Red","Amber","Green"},0)>MATCH(M10,{"Red","Amber","Green"},0),"▲ Improving",IF(MATCH(C10,{"Red","Amber","Green"},0)<MATCH(M10,{"Red","Amber","Green"},0),"▼ Deteriorating","► Stable")))
A11: WSR-007 | M11: =IF(B11="","",IF(_xlfn.MAXIFS($B$5:$B$108,$B$5:$B$108,"<"&B11)=0,"",IF(INDEX($C$5:$C$108,MATCH(_xlfn.MAXIFS($B$5:$B$108,$B$5:$B$108,"<"&B11),$B$5:$B$108,0))="","",INDEX($C$5:$C$108,MATCH(_xlfn.MAXIFS($B$5:$B$108,$B$5:$B$108,"<"&B11),$B$5:$B$108,0))))) | N11: =IF(OR(C11="",M11=""),"",IF(MATCH(C11,{"Red","Amber","Green"},0)>MATCH(M11,{"Red","Amber","Green"},0),"▲ Improving",IF(MATCH(C11,{"Red","Amber","Green"},0)<MATCH(M11,{"Red","Amber","Green"},0),"▼ Deteriorating","► Stable")))
A12: WSR-008 | M12: =IF(B12="","",IF(_xlfn.MAXIFS($B$5:$B$108,$B$5:$B$108,"<"&B12)=0,"",IF(INDEX($C$5:$C$108,MATCH(_xlfn.MAXIFS($B$5:$B$108,$B$5:$B$108,"<"&B12),$B$5:$B$108,0))="","",INDEX($C$5:$C$108,MATCH(_xlfn.MAXIFS($B$5:$B$108,$B$5:$B$108,"<"&B12),$B$5:$B$108,0))))) | N12: =IF(OR(C12="",M12=""),"",IF(MATCH(C12,{"Red","Amber","Green"},0)>MATCH(M12,{"Red","Amber","Green"},0),"▲ Improving",IF(MATCH(C12,{"Red","Amber","Green"},0)<MATCH(M12,{"Red","Amber","Green"},0),"▼ Deteriorating","► Stable")))
A13: WSR-009 | M13: =IF(B13="","",IF(_xlfn.MAXIFS($B$5:$B$108,$B$5:$B$108,"<"&B13)=0,"",IF(INDEX($C$5:$C$108,MATCH(_xlfn.MAXIFS($B$5:$B$108,$B$5:$B$108,"<"&B13),$B$5:$B$108,0))="","",INDEX($C$5:$C$108,MATCH(_xlfn.MAXIFS($B$5:$B$108,$B$5:$B$108,"<"&B13),$B$5:$B$108,0))))) | N13: =IF(OR(C13="",M13=""),"",IF(MATCH(C13,{"Red","Amber","Green"},0)>MATCH(M13,{"Red","Amber","Green"},0),"▲ Improving",IF(MATCH(C13,{"Red","Amber","Green"},0)<MATCH(M13,{"Red","Amber","Green"},0),"▼ Deteriorating","► Stable")))
A14: WSR-010 | M14: =IF(B14="","",IF(_xlfn.MAXIFS($B$5:$B$108,$B$5:$B$108,"<"&B14)=0,"",IF(INDEX($C$5:$C$108,MATCH(_xlfn.MAXIFS($B$5:$B$108,$B$5:$B$108,"<"&B14),$B$5:$B$108,0))="","",INDEX($C$5:$C$108,MATCH(_xlfn.MAXIFS($B$5:$B$108,$B$5:$B$108,"<"&B14),$B$5:$B$108,0))))) | N14: =IF(OR(C14="",M14=""),"",IF(MATCH(C14,{"Red","Amber","Green"},0)>MATCH(M14,{"Red","Amber","Green"},0),"▲ Improving",IF(MATCH(C14,{"Red","Amber","Green"},0)<MATCH(M14,{"Red","Amber","Green"},0),"▼ Deteriorating","► Stable")))
A15: WSR-011 | M15: =IF(B15="","",IF(_xlfn.MAXIFS($B$5:$B$108,$B$5:$B$108,"<"&B15)=0,"",IF(INDEX($C$5:$C$108,MATCH(_xlfn.MAXIFS($B$5:$B$108,$B$5:$B$108,"<"&B15),$B$5:$B$108,0))="","",INDEX($C$5:$C$108,MATCH(_xlfn.MAXIFS($B$5:$B$108,$B$5:$B$108,"<"&B15),$B$5:$B$108,0))))) | N15: =IF(OR(C15="",M15=""),"",IF(MATCH(C15,{"Red","Amber","Green"},0)>MATCH(M15,{"Red","Amber","Green"},0),"▲ Improving",IF(MATCH(C15,{"Red","Amber","Green"},0)<MATCH(M15,{"Red","Amber","Green"},0),"▼ Deteriorating","► Stable")))
A16: WSR-012 | M16: =IF(B16="","",IF(_xlfn.MAXIFS($B$5:$B$108,$B$5:$B$108,"<"&B16)=0,"",IF(INDEX($C$5:$C$108,MATCH(_xlfn.MAXIFS($B$5:$B$108,$B$5:$B$108,"<"&B16),$B$5:$B$108,0))="","",INDEX($C$5:$C$108,MATCH(_xlfn.MAXIFS($B$5:$B$108,$B$5:$B$108,"<"&B16),$B$5:$B$108,0))))) | N16: =IF(OR(C16="",M16=""),"",IF(MATCH(C16,{"Red","Amber","Green"},0)>MATCH(M16,{"Red","Amber","Green"},0),"▲ Improving",IF(MATCH(C16,{"Red","Amber","Green"},0)<MATCH(M16,{"Red","Amber","Green"},0),"▼ Deteriorating","► Stable")))
A17: WSR-013 | M17: =IF(B17="","",IF(_xlfn.MAXIFS($B$5:$B$108,$B$5:$B$108,"<"&B17)=0,"",IF(INDEX($C$5:$C$108,MATCH(_xlfn.MAXIFS($B$5:$B$108,$B$5:$B$108,"<"&B17),$B$5:$B$108,0))="","",INDEX($C$5:$C$108,MATCH(_xlfn.MAXIFS($B$5:$B$108,$B$5:$B$108,"<"&B17),$B$5:$B$108,0))))) | N17: =IF(OR(C17="",M17=""),"",IF(MATCH(C17,{"Red","Amber","Green"},0)>MATCH(M17,{"Red","Amber","Green"},0),"▲ Improving",IF(MATCH(C17,{"Red","Amber","Green"},0)<MATCH(M17,{"Red","Amber","Green"},0),"▼ Deteriorating","► Stable")))
... A108: WSR-104 | M108: =IF(B108="","",IF(_xlfn.MAXIFS($B$5:$B$108,$B$5:$B$108,"<"&B108)=0,"",IF(INDEX($C$5:$C$108,MATCH(_xlfn.MAXIFS($B$5:$B$108,$B$5:$B$108,"<"&B108),$B$5:$B$108,0))="","",INDEX($C$5:$C$108,MATCH(_xlfn.MAXIFS($B$5:$B$108,$B$5:$B$108,"<"&B108),$B$5:$B$108,0))))) | N108: =IF(OR(C108="",M108=""),"",IF(MATCH(C108,{"Red","Amber","Green"},0)>MATCH(M108,{"Red","Amber","Green"},0),"▲ Improving",IF(MATCH(C108,{"Red","Amber","Green"},0)<MATCH(M108,{"Red","Amber","Green"},0),"▼ Deteriorating","► Stable")))

Sheet Dashboard
A1: EASM Mission Dashboard
A2: As of | B2: =TODAY() -> 46315 | D2: All figures calculate automatically from the log tabs. Do not type here.
A4: Weekly Status | D4: Tasks by Status | E4: Count
A5: Reported RAG (latest weekly meeting) | B5: ='Weekly Report'!C26 -> Amber | D5: Not Started | E5: =COUNTIFS(Tasks!$F$5:$F$304,"<>",Tasks!$K$5:$K$304,D5) -> 0
A6: Indicator-based RAG | B6: ='Weekly Report'!C28 -> Amber | D6: In Progress | E6: =COUNTIFS(Tasks!$F$5:$F$304,"<>",Tasks!$K$5:$K$304,D6) -> 1
A7: Trend vs previous week | B7: ='Weekly Report'!D27 | D7: Blocked | E7: =COUNTIFS(Tasks!$F$5:$F$304,"<>",Tasks!$K$5:$K$304,D7) -> 0
D8: On Hold | E8: =COUNTIFS(Tasks!$F$5:$F$304,"<>",Tasks!$K$5:$K$304,D8) -> 0
A9: Mission Timeline | D9: Completed | E9: =COUNTIFS(Tasks!$F$5:$F$304,"<>",Tasks!$K$5:$K$304,D9) -> 0
A10: Days elapsed | B10: ='Mission Charter'!B11 -> 19 | D10: Cancelled | E10: =COUNTIFS(Tasks!$F$5:$F$304,"<>",Tasks!$K$5:$K$304,D10) -> 0
A11: Days remaining | B11: ='Mission Charter'!B12 -> 162
A12: % of timeline elapsed | B12: ='Mission Charter'!B13 -> 0.10497238 | D12: Findings by Severity | E12: Count | F12: Open
D13: Critical | E13: =COUNTIFS('EASM Findings'!$E$5:$E$304,"<>",'EASM Findings'!$L$5:$L$304,D13) -> 1 | F13: =COUNTIFS('EASM Findings'!$E$5:$E$304,"<>",'EASM Findings'!$U$5:$U$304,"<>Remediated",'EASM Findings'!$U$5:$U$304,"<>False Positive",'EASM Findings'!$U$5:$U$304,"<>Risk Accepted",'EASM Findings'!$L$5:$L$304,D13) -> 1
A14: Meetings | D14: High | E14: =COUNTIFS('EASM Findings'!$E$5:$E$304,"<>",'EASM Findings'!$L$5:$L$304,D14) -> 0 | F14: =COUNTIFS('EASM Findings'!$E$5:$E$304,"<>",'EASM Findings'!$U$5:$U$304,"<>Remediated",'EASM Findings'!$U$5:$U$304,"<>False Positive",'EASM Findings'!$U$5:$U$304,"<>Risk Accepted",'EASM Findings'!$L$5:$L$304,D14) -> 0
A15: Meetings logged | B15: =COUNTA(Meetings!$G$5:$G$304) -> 1 | D15: Medium | E15: =COUNTIFS('EASM Findings'!$E$5:$E$304,"<>",'EASM Findings'!$L$5:$L$304,D15) -> 0 | F15: =COUNTIFS('EASM Findings'!$E$5:$E$304,"<>",'EASM Findings'!$U$5:$U$304,"<>Remediated",'EASM Findings'!$U$5:$U$304,"<>False Positive",'EASM Findings'!$U$5:$U$304,"<>Risk Accepted",'EASM Findings'!$L$5:$L$304,D15) -> 0
A16: Meetings in last 30 days | B16: =COUNTIFS(Meetings!$G$5:$G$304,"<>",Meetings!$B$5:$B$304,">="&(TODAY()-30)) -> 1 | D16: Low | E16: =COUNTIFS('EASM Findings'!$E$5:$E$304,"<>",'EASM Findings'!$L$5:$L$304,D16) -> 0 | F16: =COUNTIFS('EASM Findings'!$E$5:$E$304,"<>",'EASM Findings'!$U$5:$U$304,"<>Remediated",'EASM Findings'!$U$5:$U$304,"<>False Positive",'EASM Findings'!$U$5:$U$304,"<>Risk Accepted",'EASM Findings'!$L$5:$L$304,D16) -> 0
A17: Overdue follow-ups | B17: =COUNTIF(Meetings!$T$5:$T$304,"OVERDUE") -> 0 | D17: Informational | E17: =COUNTIFS('EASM Findings'!$E$5:$E$304,"<>",'EASM Findings'!$L$5:$L$304,D17) -> 0 | F17: =COUNTIFS('EASM Findings'!$E$5:$E$304,"<>",'EASM Findings'!$U$5:$U$304,"<>Remediated",'EASM Findings'!$U$5:$U$304,"<>False Positive",'EASM Findings'!$U$5:$U$304,"<>Risk Accepted",'EASM Findings'!$L$5:$L$304,D17) -> 0
A19: Emails & Communications | D19: Findings by Status | E19: Count
A20: Emails logged | B20: =COUNTA(Emails!$G$5:$G$304) -> 1 | D20: New | E20: =COUNTIFS('EASM Findings'!$E$5:$E$304,"<>",'EASM Findings'!$U$5:$U$304,D20) -> 0
A21: Awaiting response | B21: =COUNT(Emails!$V$5:$V$304) -> 1 | D21: Validating | E21: =COUNTIFS('EASM Findings'!$E$5:$E$304,"<>",'EASM Findings'!$U$5:$U$304,D21) -> 1
A22: Overdue responses | B22: =COUNTIF(Emails!$R$5:$R$304,"OVERDUE") -> 0 | D22: Confirmed | E22: =COUNTIFS('EASM Findings'!$E$5:$E$304,"<>",'EASM Findings'!$U$5:$U$304,D22) -> 0
A23: Average days to respond | B23: =IFERROR(AVERAGE(Emails!$Q$5:$Q$304),"-") -> - | D23: Remediation In Progress | E23: =COUNTIFS('EASM Findings'!$E$5:$E$304,"<>",'EASM Findings'!$U$5:$U$304,D23) -> 0
A24: Escalations | B24: =COUNTIF(Emails!$H$5:$H$304,"Escalation")+COUNTIF(Emails!$O$5:$O$304,"Escalated") -> 0 | D24: Remediated | E24: =COUNTIFS('EASM Findings'!$E$5:$E$304,"<>",'EASM Findings'!$U$5:$U$304,D24) -> 0
D25: Risk Accepted | E25: =COUNTIFS('EASM Findings'!$E$5:$E$304,"<>",'EASM Findings'!$U$5:$U$304,D25) -> 0
A26: Tasks | D26: False Positive | E26: =COUNTIFS('EASM Findings'!$E$5:$E$304,"<>",'EASM Findings'!$U$5:$U$304,D26) -> 0
A27: Tasks logged | B27: =COUNTA(Tasks!$F$5:$F$304) -> 1
A28: Open tasks | B28: =COUNTIFS(Tasks!$F$5:$F$304,"<>",Tasks!$K$5:$K$304,"<>Completed",Tasks!$K$5:$K$304,"<>Cancelled") -> 1 | D28: Goals by Status | E28: Count
A29: Overdue tasks | B29: =COUNTIF(Tasks!$X$5:$X$304,"OVERDUE") -> 0 | D29: On Track | E29: =COUNTIFS('Goals & KPIs'!$B$5:$B$304,"<>",'Goals & KPIs'!$P$5:$P$304,D29) -> 1
A30: Due within 7 days | B30: =COUNTIF(Tasks!$X$5:$X$304,"Due*") -> 0 | D30: At Risk | E30: =COUNTIFS('Goals & KPIs'!$B$5:$B$304,"<>",'Goals & KPIs'!$P$5:$P$304,D30) -> 0
A31: Blocked tasks | B31: =COUNTIF(Tasks!$K$5:$K$304,"Blocked") -> 0 | D31: Off Track | E31: =COUNTIFS('Goals & KPIs'!$B$5:$B$304,"<>",'Goals & KPIs'!$P$5:$P$304,D31) -> 0
A32: Completion rate (excl. cancelled) | B32: =IFERROR(COUNTIF(Tasks!$K$5:$K$304,"Completed")/(COUNTA(Tasks!$F$5:$F$304)-COUNTIF(Tasks!$K$5:$K$304,"Cancelled")),0) -> 0 | D32: Achieved | E32: =COUNTIFS('Goals & KPIs'!$B$5:$B$304,"<>",'Goals & KPIs'!$P$5:$P$304,D32) -> 0
D33: Deferred | E33: =COUNTIFS('Goals & KPIs'!$B$5:$B$304,"<>",'Goals & KPIs'!$P$5:$P$304,D33) -> 0
A34: Goals & KPIs
A35: Goals defined | B35: =COUNTA('Goals & KPIs'!$B$5:$B$304) -> 1 | D35: Meetings by Type | E35: Count
A36: Average progress to target | B36: =IFERROR(AVERAGE('Goals & KPIs'!$L$5:$L$304),"-") -> 0.24242424 | D36: Weekly Status Meeting | E36: =COUNTIFS(Meetings!$G$5:$G$304,"<>",Meetings!$E$5:$E$304,D36) -> 0
A37: Goals At Risk / Off Track | B37: =COUNTIF('Goals & KPIs'!$P$5:$P$304,"At Risk")+COUNTIF('Goals & KPIs'!$P$5:$P$304,"Off Track") -> 0 | D37: Kick-off | E37: =COUNTIFS(Meetings!$G$5:$G$304,"<>",Meetings!$E$5:$E$304,D37) -> 0
A38: Goals achieved | B38: =COUNTIF('Goals & KPIs'!$P$5:$P$304,"Achieved") -> 0 | D38: Steering Committee | E38: =COUNTIFS(Meetings!$G$5:$G$304,"<>",Meetings!$E$5:$E$304,D38) -> 0
D39: Working Session | E39: =COUNTIFS(Meetings!$G$5:$G$304,"<>",Meetings!$E$5:$E$304,D39) -> 1
A40: EASM Findings | D40: 1LoD Challenge Session | E40: =COUNTIFS(Meetings!$G$5:$G$304,"<>",Meetings!$E$5:$E$304,D40) -> 0
A41: Findings logged | B41: =COUNTA('EASM Findings'!$E$5:$E$304) -> 1 | D41: Stakeholder Interview | E41: =COUNTIFS(Meetings!$G$5:$G$304,"<>",Meetings!$E$5:$E$304,D41) -> 0
A42: Open findings | B42: =COUNTIFS('EASM Findings'!$E$5:$E$304,"<>",'EASM Findings'!$U$5:$U$304,"<>Remediated",'EASM Findings'!$U$5:$U$304,"<>False Positive",'EASM Findings'!$U$5:$U$304,"<>Risk Accepted") -> 1 | D42: Vendor / Tooling | E42: =COUNTIFS(Meetings!$G$5:$G$304,"<>",Meetings!$E$5:$E$304,D42) -> 0
A43: Open Critical / High | B43: =COUNTIFS('EASM Findings'!$E$5:$E$304,"<>",'EASM Findings'!$U$5:$U$304,"<>Remediated",'EASM Findings'!$U$5:$U$304,"<>False Positive",'EASM Findings'!$U$5:$U$304,"<>Risk Accepted",'EASM Findings'!$L$5:$L$304,"Critical")+COUNTIFS('EASM Findings'!$E$5:$E$304,"<>",'EASM Findings'!$U$5:$U$304,"<>Remediated",'EASM Findings'!$U$5:$U$304,"<>False Positive",'EASM Findings'!$U$5:$U$304,"<>Risk Accepted",'EASM Findings'!$L$5:$L$304,"High") -> 1 | D43: Risk Committee / Forum | E43: =COUNTIFS(Meetings!$G$5:$G$304,"<>",Meetings!$E$5:$E$304,D43) -> 0
A44: Open & actively exploited (KEV/TI) | B44: =COUNTIFS('EASM Findings'!$E$5:$E$304,"<>",'EASM Findings'!$U$5:$U$304,"<>Remediated",'EASM Findings'!$U$5:$U$304,"<>False Positive",'EASM Findings'!$U$5:$U$304,"<>Risk Accepted",'EASM Findings'!$M$5:$M$304,"Yes") -> 0 | D44: Ad-hoc | E44: =COUNTIFS(Meetings!$G$5:$G$304,"<>",Meetings!$E$5:$E$304,D44) -> 0
A45: SLA breaches (open) | B45: =COUNTIF('EASM Findings'!$AA$5:$AA$304,"SLA BREACH") -> 0
A46: Assets not in inventory (shadow IT) | B46: =COUNTIF('EASM Findings'!$I$5:$I$304,"No") -> 1 | D46: Open Tasks by Priority | E46: Count
A47: Unknown-asset ratio | B47: =IFERROR(COUNTIF('EASM Findings'!$I$5:$I$304,"No")/COUNTA('EASM Findings'!$E$5:$E$304),0) -> 1 | D47: Critical | E47: =COUNTIFS(Tasks!$F$5:$F$304,"<>",Tasks!$J$5:$J$304,D47,Tasks!$K$5:$K$304,"<>Completed",Tasks!$K$5:$K$304,"<>Cancelled") -> 0
A48: Risk acceptances | B48: =COUNTIF('EASM Findings'!$U$5:$U$304,"Risk Accepted") -> 0 | D48: High | E48: =COUNTIFS(Tasks!$F$5:$F$304,"<>",Tasks!$J$5:$J$304,D48,Tasks!$K$5:$K$304,"<>Completed",Tasks!$K$5:$K$304,"<>Cancelled") -> 1
A49: Average days open (all findings) | B49: =IFERROR(AVERAGE('EASM Findings'!$Z$5:$Z$304),"-") -> 4 | D49: Medium | E49: =COUNTIFS(Tasks!$F$5:$F$304,"<>",Tasks!$J$5:$J$304,D49,Tasks!$K$5:$K$304,"<>Completed",Tasks!$K$5:$K$304,"<>Cancelled") -> 0
D50: Low | E50: =COUNTIFS(Tasks!$F$5:$F$304,"<>",Tasks!$J$5:$J$304,D50,Tasks!$K$5:$K$304,"<>Completed",Tasks!$K$5:$K$304,"<>Cancelled") -> 0
A51: Developments & RAF
A52: Developments logged | B52: =COUNTA(Developments!$E$5:$E$304) -> 1
A53: Open decisions / escalations | B53: =COUNT(Developments!$X$5:$X$304) -> 1
A54: Items for committee reporting | B54: =COUNTIF(Developments!$T$5:$T$304,"Yes") -> 1
A55: RAF breaches (findings + developments) | B55: =COUNTIF('EASM Findings'!$Q$5:$Q$304,"Breach*")+COUNTIF(Developments!$L$5:$L$304,"Breach*") -> 0

Sheet Mission Charter
A1: EASM Mission Charter
A2: Fill once at mission start; update when scope, timeline or governance changes. The phase plan drives the Weekly Report timeline.
A5: Mission name | B5: External Attack Surface Management (EASM) – 2LoD Assessment
A6: Mission reference
A7: Mission sponsor
A8: Mission lead (2LoD CRI)
A9: Start date | B9: 46296
A10: Planned end date | B10: 46477
A11: Days elapsed | B11: =IF(B9="","",TODAY()-B9) -> 19
A12: Days remaining | B12: =IF(B10="","",B10-TODAY()) -> 162
A13: % of timeline elapsed | B13: =IF(OR(B9="",B10="",B10=B9),"",MAX(0,MIN(1,(TODAY()-B9)/(B10-B9)))) -> 0.10497238
A14: Mission objective
A15: In scope (entities, domains, IP ranges, cloud tenants)
A16: Out of scope
A17: Regulatory / supervisory drivers | B17: e.g. DORA ICT asset identification, supervisory expectations, internal audit points
A18: RAF metrics / KRIs linked
A19: EASM tooling & data sources
A20: 1LoD counterparts
A21: Governance forum & weekly meeting cadence
A22: Key assumptions
A23: Constraints / limitations
A24: Success criteria
A26: Phase Plan
A27: Phase | B27: Description | C27: Planned Start | D27: Planned End | E27: Actual End | F27: Status | G27: Variance (days)
A28: 1. Scoping & Baseline | B28: Confirm entities, seeds (domains, ASNs, IP ranges, cloud tenants) and tooling | C28: 46296 | D28: 46312 | E28: 46311 | F28: Completed | G28: =IF(OR(D28="",E28=""),"",E28-D28) -> -1
A29: 2. Discovery & Attribution | B29: Run discovery; attribute assets to owners and legal entities; reconcile vs CMDB | C29: 46307 | D29: 46340 | F29: In Progress | G29: =IF(OR(D29="",E29=""),"",E29-D29)
A30: 3. Exposure Assessment | B30: Identify exposed services, vulnerabilities, misconfigurations, leaked credentials | C30: 46328 | D30: 46375 | F30: Not Started | G30: =IF(OR(D30="",E30=""),"",E30-D30)
A31: 4. Risk Translation & 1LoD Challenge | B31: Translate exposures into operational, systemic, financial and RAF impact; challenge 1LoD premises | C31: 46356 | D31: 46416 | F31: Not Started | G31: =IF(OR(D31="",E31=""),"",E31-D31)
A32: 5. Remediation Oversight | B32: Track remediation against SLAs; review risk acceptances | C32: 46391 | D32: 46458 | F32: Not Started | G32: =IF(OR(D32="",E32=""),"",E32-D32)
A33: 6. Reporting & Closure | B33: Committee reporting, lessons learned, transition to BAU monitoring | C33: 46447 | D33: 46477 | F33: Not Started | G33: =IF(OR(D33="",E33=""),"",E33-D33)
A35: Phase dates in italic are illustrative — replace with your plan.

Sheet Goals & KPIs
A1: Goals & KPIs
A2: Mission objectives and measurable key results — week-on-week movement and automatic progress.
A3: White cells = your input | Grey cells = automatic (do not overwrite) | Row 5 is an illustrative example (italic) — overwrite or delete it.
A4: Goal ID | B4: Goal / Objective | C4: Workstream | D4: Key Result / KPI | E4: Metric Definition | F4: Unit | G4: Baseline | H4: Target | I4: Value Last Week | J4: Current Value | K4: Δ vs Last Week | L4: Progress to Target | M4: Owner | N4: Target Date | O4: Days to Target | P4: Status | Q4: RAF Linkage (KRI / Limit) | R4: Last Updated | S4: Commentary | T4: WR helper: updated
A5: GOL-001 | B5: Establish a complete, attributed inventory of internet-facing assets | C5: Attribution & Ownership | D5: % of discovered internet-facing assets attributed to an accountable owner | E5: Attributed assets ÷ total discovered assets (EASM platform, weekly snapshot) | F5: % | G5: 62 | H5: 95 | I5: 66 | J5: 70 | K5: =IF(OR(J5="",I5=""),"",J5-I5) -> 4 | L5: =IF(OR(G5="",H5="",J5=""),"",IF(H5=G5,"",MAX(0,MIN(1,(J5-G5)/(H5-G5))))) -> 0.24242424 | M5: Me (2LoD CRI) | N5: 46387 | O5: =IF(N5="","",N5-TODAY()) -> 72 | P5: On Track | Q5: Cyber RAF – ICT asset management KRI | R5: 46314 | S5: Uplift from Entity A reconciliation; Entity C extract outstanding (TSK-001) | T5: =IF(AND(B5<>"",AND(R5<>"",R5>='Weekly Report'!$F$4,R5<='Weekly Report'!$F$5)),ROW(),"") -> 5
A6: GOL-002 | K6: =IF(OR(J6="",I6=""),"",J6-I6) | L6: =IF(OR(G6="",H6="",J6=""),"",IF(H6=G6,"",MAX(0,MIN(1,(J6-G6)/(H6-G6))))) | O6: =IF(N6="","",N6-TODAY()) | T6: =IF(AND(B6<>"",AND(R6<>"",R6>='Weekly Report'!$F$4,R6<='Weekly Report'!$F$5)),ROW(),"")
A7: GOL-003 | K7: =IF(OR(J7="",I7=""),"",J7-I7) | L7: =IF(OR(G7="",H7="",J7=""),"",IF(H7=G7,"",MAX(0,MIN(1,(J7-G7)/(H7-G7))))) | O7: =IF(N7="","",N7-TODAY()) | T7: =IF(AND(B7<>"",AND(R7<>"",R7>='Weekly Report'!$F$4,R7<='Weekly Report'!$F$5)),ROW(),"")
A8: GOL-004 | K8: =IF(OR(J8="",I8=""),"",J8-I8) | L8: =IF(OR(G8="",H8="",J8=""),"",IF(H8=G8,"",MAX(0,MIN(1,(J8-G8)/(H8-G8))))) | O8: =IF(N8="","",N8-TODAY()) | T8: =IF(AND(B8<>"",AND(R8<>"",R8>='Weekly Report'!$F$4,R8<='Weekly Report'!$F$5)),ROW(),"")
A9: GOL-005 | K9: =IF(OR(J9="",I9=""),"",J9-I9) | L9: =IF(OR(G9="",H9="",J9=""),"",IF(H9=G9,"",MAX(0,MIN(1,(J9-G9)/(H9-G9))))) | O9: =IF(N9="","",N9-TODAY()) | T9: =IF(AND(B9<>"",AND(R9<>"",R9>='Weekly Report'!$F$4,R9<='Weekly Report'!$F$5)),ROW(),"")
A10: GOL-006 | K10: =IF(OR(J10="",I10=""),"",J10-I10) | L10: =IF(OR(G10="",H10="",J10=""),"",IF(H10=G10,"",MAX(0,MIN(1,(J10-G10)/(H10-G10))))) | O10: =IF(N10="","",N10-TODAY()) | T10: =IF(AND(B10<>"",AND(R10<>"",R10>='Weekly Report'!$F$4,R10<='Weekly Report'!$F$5)),ROW(),"")
A11: GOL-007 | K11: =IF(OR(J11="",I11=""),"",J11-I11) | L11: =IF(OR(G11="",H11="",J11=""),"",IF(H11=G11,"",MAX(0,MIN(1,(J11-G11)/(H11-G11))))) | O11: =IF(N11="","",N11-TODAY()) | T11: =IF(AND(B11<>"",AND(R11<>"",R11>='Weekly Report'!$F$4,R11<='Weekly Report'!$F$5)),ROW(),"")
A12: GOL-008 | K12: =IF(OR(J12="",I12=""),"",J12-I12) | L12: =IF(OR(G12="",H12="",J12=""),"",IF(H12=G12,"",MAX(0,MIN(1,(J12-G12)/(H12-G12))))) | O12: =IF(N12="","",N12-TODAY()) | T12: =IF(AND(B12<>"",AND(R12<>"",R12>='Weekly Report'!$F$4,R12<='Weekly Report'!$F$5)),ROW(),"")
A13: GOL-009 | K13: =IF(OR(J13="",I13=""),"",J13-I13) | L13: =IF(OR(G13="",H13="",J13=""),"",IF(H13=G13,"",MAX(0,MIN(1,(J13-G13)/(H13-G13))))) | O13: =IF(N13="","",N13-TODAY()) | T13: =IF(AND(B13<>"",AND(R13<>"",R13>='Weekly Report'!$F$4,R13<='Weekly Report'!$F$5)),ROW(),"")
A14: GOL-010 | K14: =IF(OR(J14="",I14=""),"",J14-I14) | L14: =IF(OR(G14="",H14="",J14=""),"",IF(H14=G14,"",MAX(0,MIN(1,(J14-G14)/(H14-G14))))) | O14: =IF(N14="","",N14-TODAY()) | T14: =IF(AND(B14<>"",AND(R14<>"",R14>='Weekly Report'!$F$4,R14<='Weekly Report'!$F$5)),ROW(),"")
A15: GOL-011 | K15: =IF(OR(J15="",I15=""),"",J15-I15) | L15: =IF(OR(G15="",H15="",J15=""),"",IF(H15=G15,"",MAX(0,MIN(1,(J15-G15)/(H15-G15))))) | O15: =IF(N15="","",N15-TODAY()) | T15: =IF(AND(B15<>"",AND(R15<>"",R15>='Weekly Report'!$F$4,R15<='Weekly Report'!$F$5)),ROW(),"")
A16: GOL-012 | K16: =IF(OR(J16="",I16=""),"",J16-I16) | L16: =IF(OR(G16="",H16="",J16=""),"",IF(H16=G16,"",MAX(0,MIN(1,(J16-G16)/(H16-G16))))) | O16: =IF(N16="","",N16-TODAY()) | T16: =IF(AND(B16<>"",AND(R16<>"",R16>='Weekly Report'!$F$4,R16<='Weekly Report'!$F$5)),ROW(),"")
A17: GOL-013 | K17: =IF(OR(J17="",I17=""),"",J17-I17) | L17: =IF(OR(G17="",H17="",J17=""),"",IF(H17=G17,"",MAX(0,MIN(1,(J17-G17)/(H17-G17))))) | O17: =IF(N17="","",N17-TODAY()) | T17: =IF(AND(B17<>"",AND(R17<>"",R17>='Weekly Report'!$F$4,R17<='Weekly Report'!$F$5)),ROW(),"")
... A304: GOL-300 | K304: =IF(OR(J304="",I304=""),"",J304-I304) | L304: =IF(OR(G304="",H304="",J304=""),"",IF(H304=G304,"",MAX(0,MIN(1,(J304-G304)/(H304-G304))))) | O304: =IF(N304="","",N304-TODAY()) | T304: =IF(AND(B304<>"",AND(R304<>"",R304>='Weekly Report'!$F$4,R304<='Weekly Report'!$F$5)),ROW(),"")

Sheet Meetings
A1: Meetings Log
A2: Every meeting held under the EASM mission: participants, decisions, 2LoD challenge and follow-ups.
A3: White cells = your input | Grey cells = automatic (do not overwrite) | Row 5 is an illustrative example (italic) — overwrite or delete it.
A4: Meeting ID | B4: Date | C4: Start Time | D4: Duration (min) | E4: Meeting Type | F4: Workstream | G4: Title / Subject | H4: Organiser | I4: Attendees (name – function) | J4: LoD Represented | K4: Agenda / Purpose | L4: Key Discussion Points | M4: Decisions Taken | N4: 2LoD Challenge Raised | O4: 1LoD Position / Response | P4: Actions Generated (Task IDs) | Q4: Follow-up Required? | R4: Follow-up Date | S4: Follow-up Completed? | T4: Follow-up Flag | U4: Minutes / Recording Link | V4: Classification | W4: Notes | X4: WR helper: held in period
A5: MTG-001 | B5: 46310 | C5: 0.41666667 | D5: 60 | E5: Working Session | F5: Asset Discovery | G5: EASM baseline – scope validation with Group Infrastructure | H5: Me (2LoD CRI) | I5: Head of Network Security; CISO Office; Group Architecture | J5: Multiple | K5: Validate in-scope legal entities, IP ranges and root domains for EASM baseline | L5: EASM platform shows ~18% of discovered hosts not mapped in CMDB; 3 recently acquired entities not onboarded | M5: Scope extension to 3 acquired entities proposed to Mission Sponsor (DEV-001) | N5: 1LoD claim of 95% inventory completeness not evidenced; reconciliation requested | O5: 1LoD to provide CMDB extract of internet-facing assets | P5: TSK-001 | Q5: Yes | R5: 46325 | S5: No | T5: =IF(Q5<>"Yes","",IF(S5="Yes","Done",IF(R5="","Date missing",IF(R5<TODAY(),"OVERDUE","Scheduled")))) -> Scheduled | U5: SharePoint/EASM/Minutes/MTG-001 | V5: Confidential | X5: =IF(AND(G5<>"",AND(B5<>"",B5>='Weekly Report'!$F$4,B5<='Weekly Report'!$F$5)),ROW(),"") -> 5
A6: MTG-002 | T6: =IF(Q6<>"Yes","",IF(S6="Yes","Done",IF(R6="","Date missing",IF(R6<TODAY(),"OVERDUE","Scheduled")))) | X6: =IF(AND(G6<>"",AND(B6<>"",B6>='Weekly Report'!$F$4,B6<='Weekly Report'!$F$5)),ROW(),"")
A7: MTG-003 | T7: =IF(Q7<>"Yes","",IF(S7="Yes","Done",IF(R7="","Date missing",IF(R7<TODAY(),"OVERDUE","Scheduled")))) | X7: =IF(AND(G7<>"",AND(B7<>"",B7>='Weekly Report'!$F$4,B7<='Weekly Report'!$F$5)),ROW(),"")
A8: MTG-004 | T8: =IF(Q8<>"Yes","",IF(S8="Yes","Done",IF(R8="","Date missing",IF(R8<TODAY(),"OVERDUE","Scheduled")))) | X8: =IF(AND(G8<>"",AND(B8<>"",B8>='Weekly Report'!$F$4,B8<='Weekly Report'!$F$5)),ROW(),"")
A9: MTG-005 | T9: =IF(Q9<>"Yes","",IF(S9="Yes","Done",IF(R9="","Date missing",IF(R9<TODAY(),"OVERDUE","Scheduled")))) | X9: =IF(AND(G9<>"",AND(B9<>"",B9>='Weekly Report'!$F$4,B9<='Weekly Report'!$F$5)),ROW(),"")
A10: MTG-006 | T10: =IF(Q10<>"Yes","",IF(S10="Yes","Done",IF(R10="","Date missing",IF(R10<TODAY(),"OVERDUE","Scheduled")))) | X10: =IF(AND(G10<>"",AND(B10<>"",B10>='Weekly Report'!$F$4,B10<='Weekly Report'!$F$5)),ROW(),"")
A11: MTG-007 | T11: =IF(Q11<>"Yes","",IF(S11="Yes","Done",IF(R11="","Date missing",IF(R11<TODAY(),"OVERDUE","Scheduled")))) | X11: =IF(AND(G11<>"",AND(B11<>"",B11>='Weekly Report'!$F$4,B11<='Weekly Report'!$F$5)),ROW(),"")
A12: MTG-008 | T12: =IF(Q12<>"Yes","",IF(S12="Yes","Done",IF(R12="","Date missing",IF(R12<TODAY(),"OVERDUE","Scheduled")))) | X12: =IF(AND(G12<>"",AND(B12<>"",B12>='Weekly Report'!$F$4,B12<='Weekly Report'!$F$5)),ROW(),"")
A13: MTG-009 | T13: =IF(Q13<>"Yes","",IF(S13="Yes","Done",IF(R13="","Date missing",IF(R13<TODAY(),"OVERDUE","Scheduled")))) | X13: =IF(AND(G13<>"",AND(B13<>"",B13>='Weekly Report'!$F$4,B13<='Weekly Report'!$F$5)),ROW(),"")
A14: MTG-010 | T14: =IF(Q14<>"Yes","",IF(S14="Yes","Done",IF(R14="","Date missing",IF(R14<TODAY(),"OVERDUE","Scheduled")))) | X14: =IF(AND(G14<>"",AND(B14<>"",B14>='Weekly Report'!$F$4,B14<='Weekly Report'!$F$5)),ROW(),"")
A15: MTG-011 | T15: =IF(Q15<>"Yes","",IF(S15="Yes","Done",IF(R15="","Date missing",IF(R15<TODAY(),"OVERDUE","Scheduled")))) | X15: =IF(AND(G15<>"",AND(B15<>"",B15>='Weekly Report'!$F$4,B15<='Weekly Report'!$F$5)),ROW(),"")
A16: MTG-012 | T16: =IF(Q16<>"Yes","",IF(S16="Yes","Done",IF(R16="","Date missing",IF(R16<TODAY(),"OVERDUE","Scheduled")))) | X16: =IF(AND(G16<>"",AND(B16<>"",B16>='Weekly Report'!$F$4,B16<='Weekly Report'!$F$5)),ROW(),"")
A17: MTG-013 | T17: =IF(Q17<>"Yes","",IF(S17="Yes","Done",IF(R17="","Date missing",IF(R17<TODAY(),"OVERDUE","Scheduled")))) | X17: =IF(AND(G17<>"",AND(B17<>"",B17>='Weekly Report'!$F$4,B17<='Weekly Report'!$F$5)),ROW(),"")
... A304: MTG-300 | T304: =IF(Q304<>"Yes","",IF(S304="Yes","Done",IF(R304="","Date missing",IF(R304<TODAY(),"OVERDUE","Scheduled")))) | X304: =IF(AND(G304<>"",AND(B304<>"",B304>='Weekly Report'!$F$4,B304<='Weekly Report'!$F$5)),ROW(),"")

Sheet Emails
A1: Email & Communications Log
A2: Material emails sent/received: requests, evidence, escalations and response SLAs.
A3: White cells = your input | Grey cells = automatic (do not overwrite) | Row 5 is an illustrative example (italic) — overwrite or delete it.
A4: Email ID | B4: Date Sent / Received | C4: Direction | D4: From | E4: To / Cc | F4: Counterparty LoD | G4: Subject | H4: Category | I4: Workstream | J4: Summary | K4: Request / Ask | L4: Attachments / Evidence | M4: Response Required? | N4: Response Due | O4: Response Status | P4: Date Responded | Q4: Days to Respond | R4: Response Flag | S4: Linked IDs (MTG/TSK/FND) | T4: Mail Reference / Link | U4: Notes | V4: WR helper: response awaited
A5: EML-001 | B5: 46311 | C5: Outbound | D5: Me (2LoD CRI) | E5: Head of Network Security; cc CISO Office | F5: 1LoD | G5: RFI – CMDB extract of internet-facing assets | H5: Request for Information | I5: Attribution & Ownership | J5: Formal request following MTG-001 for the CMDB extract to reconcile against EASM discovery output | K5: Full extract incl. owner, legal entity, hosting and last patch date | L5: None | M5: Yes | N5: 46318 | O5: Awaiting Response | Q5: =IF(OR(B5="",P5=""),"",P5-B5) | R5: =IF(OR(M5<>"Yes",P5<>"",O5="Closed",O5="No Action Required"),"",IF(N5="","Due date missing",IF(N5<TODAY(),"OVERDUE",IF(N5-TODAY()<=2,"Due ≤2d","Open")))) -> Open | S5: MTG-001; TSK-001 | T5: Outlook – EASM folder | V5: =IF(AND(G5<>"",M5="Yes",P5="",O5<>"Closed",O5<>"No Action Required",O5<>"Responded"),ROW(),"") -> 5
A6: EML-002 | Q6: =IF(OR(B6="",P6=""),"",P6-B6) | R6: =IF(OR(M6<>"Yes",P6<>"",O6="Closed",O6="No Action Required"),"",IF(N6="","Due date missing",IF(N6<TODAY(),"OVERDUE",IF(N6-TODAY()<=2,"Due ≤2d","Open")))) | V6: =IF(AND(G6<>"",M6="Yes",P6="",O6<>"Closed",O6<>"No Action Required",O6<>"Responded"),ROW(),"")
A7: EML-003 | Q7: =IF(OR(B7="",P7=""),"",P7-B7) | R7: =IF(OR(M7<>"Yes",P7<>"",O7="Closed",O7="No Action Required"),"",IF(N7="","Due date missing",IF(N7<TODAY(),"OVERDUE",IF(N7-TODAY()<=2,"Due ≤2d","Open")))) | V7: =IF(AND(G7<>"",M7="Yes",P7="",O7<>"Closed",O7<>"No Action Required",O7<>"Responded"),ROW(),"")
A8: EML-004 | Q8: =IF(OR(B8="",P8=""),"",P8-B8) | R8: =IF(OR(M8<>"Yes",P8<>"",O8="Closed",O8="No Action Required"),"",IF(N8="","Due date missing",IF(N8<TODAY(),"OVERDUE",IF(N8-TODAY()<=2,"Due ≤2d","Open")))) | V8: =IF(AND(G8<>"",M8="Yes",P8="",O8<>"Closed",O8<>"No Action Required",O8<>"Responded"),ROW(),"")
A9: EML-005 | Q9: =IF(OR(B9="",P9=""),"",P9-B9) | R9: =IF(OR(M9<>"Yes",P9<>"",O9="Closed",O9="No Action Required"),"",IF(N9="","Due date missing",IF(N9<TODAY(),"OVERDUE",IF(N9-TODAY()<=2,"Due ≤2d","Open")))) | V9: =IF(AND(G9<>"",M9="Yes",P9="",O9<>"Closed",O9<>"No Action Required",O9<>"Responded"),ROW(),"")
A10: EML-006 | Q10: =IF(OR(B10="",P10=""),"",P10-B10) | R10: =IF(OR(M10<>"Yes",P10<>"",O10="Closed",O10="No Action Required"),"",IF(N10="","Due date missing",IF(N10<TODAY(),"OVERDUE",IF(N10-TODAY()<=2,"Due ≤2d","Open")))) | V10: =IF(AND(G10<>"",M10="Yes",P10="",O10<>"Closed",O10<>"No Action Required",O10<>"Responded"),ROW(),"")
A11: EML-007 | Q11: =IF(OR(B11="",P11=""),"",P11-B11) | R11: =IF(OR(M11<>"Yes",P11<>"",O11="Closed",O11="No Action Required"),"",IF(N11="","Due date missing",IF(N11<TODAY(),"OVERDUE",IF(N11-TODAY()<=2,"Due ≤2d","Open")))) | V11: =IF(AND(G11<>"",M11="Yes",P11="",O11<>"Closed",O11<>"No Action Required",O11<>"Responded"),ROW(),"")
A12: EML-008 | Q12: =IF(OR(B12="",P12=""),"",P12-B12) | R12: =IF(OR(M12<>"Yes",P12<>"",O12="Closed",O12="No Action Required"),"",IF(N12="","Due date missing",IF(N12<TODAY(),"OVERDUE",IF(N12-TODAY()<=2,"Due ≤2d","Open")))) | V12: =IF(AND(G12<>"",M12="Yes",P12="",O12<>"Closed",O12<>"No Action Required",O12<>"Responded"),ROW(),"")
A13: EML-009 | Q13: =IF(OR(B13="",P13=""),"",P13-B13) | R13: =IF(OR(M13<>"Yes",P13<>"",O13="Closed",O13="No Action Required"),"",IF(N13="","Due date missing",IF(N13<TODAY(),"OVERDUE",IF(N13-TODAY()<=2,"Due ≤2d","Open")))) | V13: =IF(AND(G13<>"",M13="Yes",P13="",O13<>"Closed",O13<>"No Action Required",O13<>"Responded"),ROW(),"")
A14: EML-010 | Q14: =IF(OR(B14="",P14=""),"",P14-B14) | R14: =IF(OR(M14<>"Yes",P14<>"",O14="Closed",O14="No Action Required"),"",IF(N14="","Due date missing",IF(N14<TODAY(),"OVERDUE",IF(N14-TODAY()<=2,"Due ≤2d","Open")))) | V14: =IF(AND(G14<>"",M14="Yes",P14="",O14<>"Closed",O14<>"No Action Required",O14<>"Responded"),ROW(),"")
A15: EML-011 | Q15: =IF(OR(B15="",P15=""),"",P15-B15) | R15: =IF(OR(M15<>"Yes",P15<>"",O15="Closed",O15="No Action Required"),"",IF(N15="","Due date missing",IF(N15<TODAY(),"OVERDUE",IF(N15-TODAY()<=2,"Due ≤2d","Open")))) | V15: =IF(AND(G15<>"",M15="Yes",P15="",O15<>"Closed",O15<>"No Action Required",O15<>"Responded"),ROW(),"")
A16: EML-012 | Q16: =IF(OR(B16="",P16=""),"",P16-B16) | R16: =IF(OR(M16<>"Yes",P16<>"",O16="Closed",O16="No Action Required"),"",IF(N16="","Due date missing",IF(N16<TODAY(),"OVERDUE",IF(N16-TODAY()<=2,"Due ≤2d","Open")))) | V16: =IF(AND(G16<>"",M16="Yes",P16="",O16<>"Closed",O16<>"No Action Required",O16<>"Responded"),ROW(),"")
A17: EML-013 | Q17: =IF(OR(B17="",P17=""),"",P17-B17) | R17: =IF(OR(M17<>"Yes",P17<>"",O17="Closed",O17="No Action Required"),"",IF(N17="","Due date missing",IF(N17<TODAY(),"OVERDUE",IF(N17-TODAY()<=2,"Due ≤2d","Open")))) | V17: =IF(AND(G17<>"",M17="Yes",P17="",O17<>"Closed",O17<>"No Action Required",O17<>"Responded"),ROW(),"")
... A304: EML-300 | Q304: =IF(OR(B304="",P304=""),"",P304-B304) | R304: =IF(OR(M304<>"Yes",P304<>"",O304="Closed",O304="No Action Required"),"",IF(N304="","Due date missing",IF(N304<TODAY(),"OVERDUE",IF(N304-TODAY()<=2,"Due ≤2d","Open")))) | V304: =IF(AND(G304<>"",M304="Yes",P304="",O304<>"Closed",O304<>"No Action Required",O304<>"Responded"),ROW(),"")

Sheet Tasks
A1: Task & Action Tracker
A2: All actions arising from meetings, emails, findings and goals — ownership, progress notes, dependencies and next-week planning.
A3: White cells = your input | Grey cells = automatic (do not overwrite) | Row 5 is an illustrative example (italic) — overwrite or delete it.
A4: Task ID | B4: Date Raised | C4: Source | D4: Source Ref ID | E4: Workstream | F4: Task Description | G4: Linked Goal ID | H4: Owner | I4: Owner LoD | J4: Priority | K4: Status | L4: Start Date | M4: Due Date | N4: Completion Date | O4: % Complete | P4: Planned for Next Week? | Q4: Last Update Date | R4: Latest Update / Progress Note | S4: Dependency On (Person / Team) | T4: Needed By | U4: Blocker / Dependency Detail | V4: Evidence of Closure | W4: Days Open | X4: Due Flag | Y4: Notes | Z4: WR helper: completed | AA4: WR helper: moved forward | AB4: WR helper: current | AC4: WR helper: blocker | AD4: WR helper: next week
A5: TSK-001 | B5: 46310 | C5: Meeting | D5: MTG-001 | E5: Attribution & Ownership | F5: Reconcile EASM-discovered assets against CMDB extract; quantify unattributed / unknown assets by legal entity | G5: GOL-001 | H5: Me (2LoD CRI) | I5: 2LoD | J5: High | K5: In Progress | L5: 46311 | M5: 46332 | O5: 0.25 | P5: Yes | Q5: 46314 | R5: CMDB extract received for 2 of 3 entities; reconciliation of Entity A complete (41 unmapped hosts) | S5: Network Security (1LoD) | T5: 46318 | U5: CMDB extract for acquired Entity C outstanding (EML-001) | W5: =IF(B5="","",IF(N5<>"",N5-B5,TODAY()-B5)) -> 5 | X5: =IF(OR(M5="",K5="Completed",K5="Cancelled"),"",IF(M5<TODAY(),"OVERDUE",IF(M5-TODAY()<=7,"Due ≤7d","On Schedule"))) -> On Schedule | Z5: =IF(AND(N5<>"",N5>='Weekly Report'!$F$4,N5<='Weekly Report'!$F$5),ROW(),"") | AA5: =IF(AND(AND(Q5<>"",Q5>='Weekly Report'!$F$4,Q5<='Weekly Report'!$F$5),AND(F5<>"",K5<>"Completed",K5<>"Cancelled")),ROW(),"") -> 5 | AB5: =IF(AND(F5<>"",K5="In Progress"),ROW(),"") -> 5 | AC5: =IF(AND(AND(F5<>"",K5<>"Completed",K5<>"Cancelled"),OR(K5="Blocked",S5<>"")),ROW(),"") -> 5 | AD5: =IF(AND(AND(F5<>"",K5<>"Completed",K5<>"Cancelled"),OR(P5="Yes",AND(M5<>"",M5<='Weekly Report'!$F$7),AND(L5<>"",L5>='Weekly Report'!$F$6,L5<='Weekly Report'!$F$7))),ROW(),"") -> 5
A6: TSK-002 | W6: =IF(B6="","",IF(N6<>"",N6-B6,TODAY()-B6)) | X6: =IF(OR(M6="",K6="Completed",K6="Cancelled"),"",IF(M6<TODAY(),"OVERDUE",IF(M6-TODAY()<=7,"Due ≤7d","On Schedule"))) | Z6: =IF(AND(N6<>"",N6>='Weekly Report'!$F$4,N6<='Weekly Report'!$F$5),ROW(),"") | AA6: =IF(AND(AND(Q6<>"",Q6>='Weekly Report'!$F$4,Q6<='Weekly Report'!$F$5),AND(F6<>"",K6<>"Completed",K6<>"Cancelled")),ROW(),"") | AB6: =IF(AND(F6<>"",K6="In Progress"),ROW(),"") | AC6: =IF(AND(AND(F6<>"",K6<>"Completed",K6<>"Cancelled"),OR(K6="Blocked",S6<>"")),ROW(),"") | AD6: =IF(AND(AND(F6<>"",K6<>"Completed",K6<>"Cancelled"),OR(P6="Yes",AND(M6<>"",M6<='Weekly Report'!$F$7),AND(L6<>"",L6>='Weekly Report'!$F$6,L6<='Weekly Report'!$F$7))),ROW(),"")
A7: TSK-003 | W7: =IF(B7="","",IF(N7<>"",N7-B7,TODAY()-B7)) | X7: =IF(OR(M7="",K7="Completed",K7="Cancelled"),"",IF(M7<TODAY(),"OVERDUE",IF(M7-TODAY()<=7,"Due ≤7d","On Schedule"))) | Z7: =IF(AND(N7<>"",N7>='Weekly Report'!$F$4,N7<='Weekly Report'!$F$5),ROW(),"") | AA7: =IF(AND(AND(Q7<>"",Q7>='Weekly Report'!$F$4,Q7<='Weekly Report'!$F$5),AND(F7<>"",K7<>"Completed",K7<>"Cancelled")),ROW(),"") | AB7: =IF(AND(F7<>"",K7="In Progress"),ROW(),"") | AC7: =IF(AND(AND(F7<>"",K7<>"Completed",K7<>"Cancelled"),OR(K7="Blocked",S7<>"")),ROW(),"") | AD7: =IF(AND(AND(F7<>"",K7<>"Completed",K7<>"Cancelled"),OR(P7="Yes",AND(M7<>"",M7<='Weekly Report'!$F$7),AND(L7<>"",L7>='Weekly Report'!$F$6,L7<='Weekly Report'!$F$7))),ROW(),"")
A8: TSK-004 | W8: =IF(B8="","",IF(N8<>"",N8-B8,TODAY()-B8)) | X8: =IF(OR(M8="",K8="Completed",K8="Cancelled"),"",IF(M8<TODAY(),"OVERDUE",IF(M8-TODAY()<=7,"Due ≤7d","On Schedule"))) | Z8: =IF(AND(N8<>"",N8>='Weekly Report'!$F$4,N8<='Weekly Report'!$F$5),ROW(),"") | AA8: =IF(AND(AND(Q8<>"",Q8>='Weekly Report'!$F$4,Q8<='Weekly Report'!$F$5),AND(F8<>"",K8<>"Completed",K8<>"Cancelled")),ROW(),"") | AB8: =IF(AND(F8<>"",K8="In Progress"),ROW(),"") | AC8: =IF(AND(AND(F8<>"",K8<>"Completed",K8<>"Cancelled"),OR(K8="Blocked",S8<>"")),ROW(),"") | AD8: =IF(AND(AND(F8<>"",K8<>"Completed",K8<>"Cancelled"),OR(P8="Yes",AND(M8<>"",M8<='Weekly Report'!$F$7),AND(L8<>"",L8>='Weekly Report'!$F$6,L8<='Weekly Report'!$F$7))),ROW(),"")
A9: TSK-005 | W9: =IF(B9="","",IF(N9<>"",N9-B9,TODAY()-B9)) | X9: =IF(OR(M9="",K9="Completed",K9="Cancelled"),"",IF(M9<TODAY(),"OVERDUE",IF(M9-TODAY()<=7,"Due ≤7d","On Schedule"))) | Z9: =IF(AND(N9<>"",N9>='Weekly Report'!$F$4,N9<='Weekly Report'!$F$5),ROW(),"") | AA9: =IF(AND(AND(Q9<>"",Q9>='Weekly Report'!$F$4,Q9<='Weekly Report'!$F$5),AND(F9<>"",K9<>"Completed",K9<>"Cancelled")),ROW(),"") | AB9: =IF(AND(F9<>"",K9="In Progress"),ROW(),"") | AC9: =IF(AND(AND(F9<>"",K9<>"Completed",K9<>"Cancelled"),OR(K9="Blocked",S9<>"")),ROW(),"") | AD9: =IF(AND(AND(F9<>"",K9<>"Completed",K9<>"Cancelled"),OR(P9="Yes",AND(M9<>"",M9<='Weekly Report'!$F$7),AND(L9<>"",L9>='Weekly Report'!$F$6,L9<='Weekly Report'!$F$7))),ROW(),"")
A10: TSK-006 | W10: =IF(B10="","",IF(N10<>"",N10-B10,TODAY()-B10)) | X10: =IF(OR(M10="",K10="Completed",K10="Cancelled"),"",IF(M10<TODAY(),"OVERDUE",IF(M10-TODAY()<=7,"Due ≤7d","On Schedule"))) | Z10: =IF(AND(N10<>"",N10>='Weekly Report'!$F$4,N10<='Weekly Report'!$F$5),ROW(),"") | AA10: =IF(AND(AND(Q10<>"",Q10>='Weekly Report'!$F$4,Q10<='Weekly Report'!$F$5),AND(F10<>"",K10<>"Completed",K10<>"Cancelled")),ROW(),"") | AB10: =IF(AND(F10<>"",K10="In Progress"),ROW(),"") | AC10: =IF(AND(AND(F10<>"",K10<>"Completed",K10<>"Cancelled"),OR(K10="Blocked",S10<>"")),ROW(),"") | AD10: =IF(AND(AND(F10<>"",K10<>"Completed",K10<>"Cancelled"),OR(P10="Yes",AND(M10<>"",M10<='Weekly Report'!$F$7),AND(L10<>"",L10>='Weekly Report'!$F$6,L10<='Weekly Report'!$F$7))),ROW(),"")
A11: TSK-007 | W11: =IF(B11="","",IF(N11<>"",N11-B11,TODAY()-B11)) | X11: =IF(OR(M11="",K11="Completed",K11="Cancelled"),"",IF(M11<TODAY(),"OVERDUE",IF(M11-TODAY()<=7,"Due ≤7d","On Schedule"))) | Z11: =IF(AND(N11<>"",N11>='Weekly Report'!$F$4,N11<='Weekly Report'!$F$5),ROW(),"") | AA11: =IF(AND(AND(Q11<>"",Q11>='Weekly Report'!$F$4,Q11<='Weekly Report'!$F$5),AND(F11<>"",K11<>"Completed",K11<>"Cancelled")),ROW(),"") | AB11: =IF(AND(F11<>"",K11="In Progress"),ROW(),"") | AC11: =IF(AND(AND(F11<>"",K11<>"Completed",K11<>"Cancelled"),OR(K11="Blocked",S11<>"")),ROW(),"") | AD11: =IF(AND(AND(F11<>"",K11<>"Completed",K11<>"Cancelled"),OR(P11="Yes",AND(M11<>"",M11<='Weekly Report'!$F$7),AND(L11<>"",L11>='Weekly Report'!$F$6,L11<='Weekly Report'!$F$7))),ROW(),"")
A12: TSK-008 | W12: =IF(B12="","",IF(N12<>"",N12-B12,TODAY()-B12)) | X12: =IF(OR(M12="",K12="Completed",K12="Cancelled"),"",IF(M12<TODAY(),"OVERDUE",IF(M12-TODAY()<=7,"Due ≤7d","On Schedule"))) | Z12: =IF(AND(N12<>"",N12>='Weekly Report'!$F$4,N12<='Weekly Report'!$F$5),ROW(),"") | AA12: =IF(AND(AND(Q12<>"",Q12>='Weekly Report'!$F$4,Q12<='Weekly Report'!$F$5),AND(F12<>"",K12<>"Completed",K12<>"Cancelled")),ROW(),"") | AB12: =IF(AND(F12<>"",K12="In Progress"),ROW(),"") | AC12: =IF(AND(AND(F12<>"",K12<>"Completed",K12<>"Cancelled"),OR(K12="Blocked",S12<>"")),ROW(),"") | AD12: =IF(AND(AND(F12<>"",K12<>"Completed",K12<>"Cancelled"),OR(P12="Yes",AND(M12<>"",M12<='Weekly Report'!$F$7),AND(L12<>"",L12>='Weekly Report'!$F$6,L12<='Weekly Report'!$F$7))),ROW(),"")
A13: TSK-009 | W13: =IF(B13="","",IF(N13<>"",N13-B13,TODAY()-B13)) | X13: =IF(OR(M13="",K13="Completed",K13="Cancelled"),"",IF(M13<TODAY(),"OVERDUE",IF(M13-TODAY()<=7,"Due ≤7d","On Schedule"))) | Z13: =IF(AND(N13<>"",N13>='Weekly Report'!$F$4,N13<='Weekly Report'!$F$5),ROW(),"") | AA13: =IF(AND(AND(Q13<>"",Q13>='Weekly Report'!$F$4,Q13<='Weekly Report'!$F$5),AND(F13<>"",K13<>"Completed",K13<>"Cancelled")),ROW(),"") | AB13: =IF(AND(F13<>"",K13="In Progress"),ROW(),"") | AC13: =IF(AND(AND(F13<>"",K13<>"Completed",K13<>"Cancelled"),OR(K13="Blocked",S13<>"")),ROW(),"") | AD13: =IF(AND(AND(F13<>"",K13<>"Completed",K13<>"Cancelled"),OR(P13="Yes",AND(M13<>"",M13<='Weekly Report'!$F$7),AND(L13<>"",L13>='Weekly Report'!$F$6,L13<='Weekly Report'!$F$7))),ROW(),"")
A14: TSK-010 | W14: =IF(B14="","",IF(N14<>"",N14-B14,TODAY()-B14)) | X14: =IF(OR(M14="",K14="Completed",K14="Cancelled"),"",IF(M14<TODAY(),"OVERDUE",IF(M14-TODAY()<=7,"Due ≤7d","On Schedule"))) | Z14: =IF(AND(N14<>"",N14>='Weekly Report'!$F$4,N14<='Weekly Report'!$F$5),ROW(),"") | AA14: =IF(AND(AND(Q14<>"",Q14>='Weekly Report'!$F$4,Q14<='Weekly Report'!$F$5),AND(F14<>"",K14<>"Completed",K14<>"Cancelled")),ROW(),"") | AB14: =IF(AND(F14<>"",K14="In Progress"),ROW(),"") | AC14: =IF(AND(AND(F14<>"",K14<>"Completed",K14<>"Cancelled"),OR(K14="Blocked",S14<>"")),ROW(),"") | AD14: =IF(AND(AND(F14<>"",K14<>"Completed",K14<>"Cancelled"),OR(P14="Yes",AND(M14<>"",M14<='Weekly Report'!$F$7),AND(L14<>"",L14>='Weekly Report'!$F$6,L14<='Weekly Report'!$F$7))),ROW(),"")
A15: TSK-011 | W15: =IF(B15="","",IF(N15<>"",N15-B15,TODAY()-B15)) | X15: =IF(OR(M15="",K15="Completed",K15="Cancelled"),"",IF(M15<TODAY(),"OVERDUE",IF(M15-TODAY()<=7,"Due ≤7d","On Schedule"))) | Z15: =IF(AND(N15<>"",N15>='Weekly Report'!$F$4,N15<='Weekly Report'!$F$5),ROW(),"") | AA15: =IF(AND(AND(Q15<>"",Q15>='Weekly Report'!$F$4,Q15<='Weekly Report'!$F$5),AND(F15<>"",K15<>"Completed",K15<>"Cancelled")),ROW(),"") | AB15: =IF(AND(F15<>"",K15="In Progress"),ROW(),"") | AC15: =IF(AND(AND(F15<>"",K15<>"Completed",K15<>"Cancelled"),OR(K15="Blocked",S15<>"")),ROW(),"") | AD15: =IF(AND(AND(F15<>"",K15<>"Completed",K15<>"Cancelled"),OR(P15="Yes",AND(M15<>"",M15<='Weekly Report'!$F$7),AND(L15<>"",L15>='Weekly Report'!$F$6,L15<='Weekly Report'!$F$7))),ROW(),"")
A16: TSK-012 | W16: =IF(B16="","",IF(N16<>"",N16-B16,TODAY()-B16)) | X16: =IF(OR(M16="",K16="Completed",K16="Cancelled"),"",IF(M16<TODAY(),"OVERDUE",IF(M16-TODAY()<=7,"Due ≤7d","On Schedule"))) | Z16: =IF(AND(N16<>"",N16>='Weekly Report'!$F$4,N16<='Weekly Report'!$F$5),ROW(),"") | AA16: =IF(AND(AND(Q16<>"",Q16>='Weekly Report'!$F$4,Q16<='Weekly Report'!$F$5),AND(F16<>"",K16<>"Completed",K16<>"Cancelled")),ROW(),"") | AB16: =IF(AND(F16<>"",K16="In Progress"),ROW(),"") | AC16: =IF(AND(AND(F16<>"",K16<>"Completed",K16<>"Cancelled"),OR(K16="Blocked",S16<>"")),ROW(),"") | AD16: =IF(AND(AND(F16<>"",K16<>"Completed",K16<>"Cancelled"),OR(P16="Yes",AND(M16<>"",M16<='Weekly Report'!$F$7),AND(L16<>"",L16>='Weekly Report'!$F$6,L16<='Weekly Report'!$F$7))),ROW(),"")
A17: TSK-013 | W17: =IF(B17="","",IF(N17<>"",N17-B17,TODAY()-B17)) | X17: =IF(OR(M17="",K17="Completed",K17="Cancelled"),"",IF(M17<TODAY(),"OVERDUE",IF(M17-TODAY()<=7,"Due ≤7d","On Schedule"))) | Z17: =IF(AND(N17<>"",N17>='Weekly Report'!$F$4,N17<='Weekly Report'!$F$5),ROW(),"") | AA17: =IF(AND(AND(Q17<>"",Q17>='Weekly Report'!$F$4,Q17<='Weekly Report'!$F$5),AND(F17<>"",K17<>"Completed",K17<>"Cancelled")),ROW(),"") | AB17: =IF(AND(F17<>"",K17="In Progress"),ROW(),"") | AC17: =IF(AND(AND(F17<>"",K17<>"Completed",K17<>"Cancelled"),OR(K17="Blocked",S17<>"")),ROW(),"") | AD17: =IF(AND(AND(F17<>"",K17<>"Completed",K17<>"Cancelled"),OR(P17="Yes",AND(M17<>"",M17<='Weekly Report'!$F$7),AND(L17<>"",L17>='Weekly Report'!$F$6,L17<='Weekly Report'!$F$7))),ROW(),"")
... A304: TSK-300 | W304: =IF(B304="","",IF(N304<>"",N304-B304,TODAY()-B304)) | X304: =IF(OR(M304="",K304="Completed",K304="Cancelled"),"",IF(M304<TODAY(),"OVERDUE",IF(M304-TODAY()<=7,"Due ≤7d","On Schedule"))) | Z304: =IF(AND(N304<>"",N304>='Weekly Report'!$F$4,N304<='Weekly Report'!$F$5),ROW(),"") | AA304: =IF(AND(AND(Q304<>"",Q304>='Weekly Report'!$F$4,Q304<='Weekly Report'!$F$5),AND(F304<>"",K304<>"Completed",K304<>"Cancelled")),ROW(),"") | AB304: =IF(AND(F304<>"",K304="In Progress"),ROW(),"") | AC304: =IF(AND(AND(F304<>"",K304<>"Completed",K304<>"Cancelled"),OR(K304="Blocked",S304<>"")),ROW(),"") | AD304: =IF(AND(AND(F304<>"",K304<>"Completed",K304<>"Cancelled"),OR(P304="Yes",AND(M304<>"",M304<='Weekly Report'!$F$7),AND(L304<>"",L304>='Weekly Report'!$F$6,L304<='Weekly Report'!$F$7))),ROW(),"")

Sheet Developments
A1: Developments & Decisions Log
A2: Milestones, decisions, scope changes, escalations and risk acceptances — facts, inferences and uncertainties kept separate.
A3: White cells = your input | Grey cells = automatic (do not overwrite) | Row 5 is an illustrative example (italic) — overwrite or delete it.
A4: Development ID | B4: Date | C4: Development Type | D4: Workstream | E4: Title | F4: Description (Facts) | G4: Inference / Assessment | H4: Key Uncertainties | I4: Source / Trigger | J4: Impact Level | K4: Primary Risk Dimension | L4: RAF Alignment | M4: Decision / Escalation Required? | N4: Decision / Ask | O4: Decision Needed From | P4: Decision Needed By | Q4: Decision Status | R4: Decision Outcome | S4: Linked IDs | T4: Committee Reporting? | U4: Reported In (Forum / Date) | V4: Notes | W4: WR helper: in period | X4: WR helper: open decision
A5: DEV-001 | B5: 46310 | C5: Scope Change | D5: Scoping & Governance | E5: EASM scope extension to 3 acquired entities | F5: Root domains and IP ranges of 3 entities acquired in 2025–26 were outside the original EASM baseline | G5: Acquired estates likely run legacy remote-access stacks outside Group patch governance – elevated concentration of unmanaged exposure | H5: Completeness of acquired-entity domain list; contractual hosting arrangements | I5: MTG-001 | J5: High | K5: Systemic / Concentration | L5: Not Assessed | M5: Yes | N5: Approve extension of EASM scope to 3 acquired entities and +3 weeks on Phase 2 | O5: Mission Sponsor | P5: 46325 | Q5: Open | S5: MTG-001; TSK-001 | T5: Yes | U5: Cyber Risk Forum – Nov 2026 | W5: =IF(AND(E5<>"",AND(B5<>"",B5>='Weekly Report'!$F$4,B5<='Weekly Report'!$F$5)),ROW(),"") -> 5 | X5: =IF(AND(E5<>"",M5="Yes",Q5<>"Decided",Q5<>"Withdrawn"),ROW(),"") -> 5
A6: DEV-002 | W6: =IF(AND(E6<>"",AND(B6<>"",B6>='Weekly Report'!$F$4,B6<='Weekly Report'!$F$5)),ROW(),"") | X6: =IF(AND(E6<>"",M6="Yes",Q6<>"Decided",Q6<>"Withdrawn"),ROW(),"")
A7: DEV-003 | W7: =IF(AND(E7<>"",AND(B7<>"",B7>='Weekly Report'!$F$4,B7<='Weekly Report'!$F$5)),ROW(),"") | X7: =IF(AND(E7<>"",M7="Yes",Q7<>"Decided",Q7<>"Withdrawn"),ROW(),"")
A8: DEV-004 | W8: =IF(AND(E8<>"",AND(B8<>"",B8>='Weekly Report'!$F$4,B8<='Weekly Report'!$F$5)),ROW(),"") | X8: =IF(AND(E8<>"",M8="Yes",Q8<>"Decided",Q8<>"Withdrawn"),ROW(),"")
A9: DEV-005 | W9: =IF(AND(E9<>"",AND(B9<>"",B9>='Weekly Report'!$F$4,B9<='Weekly Report'!$F$5)),ROW(),"") | X9: =IF(AND(E9<>"",M9="Yes",Q9<>"Decided",Q9<>"Withdrawn"),ROW(),"")
A10: DEV-006 | W10: =IF(AND(E10<>"",AND(B10<>"",B10>='Weekly Report'!$F$4,B10<='Weekly Report'!$F$5)),ROW(),"") | X10: =IF(AND(E10<>"",M10="Yes",Q10<>"Decided",Q10<>"Withdrawn"),ROW(),"")
A11: DEV-007 | W11: =IF(AND(E11<>"",AND(B11<>"",B11>='Weekly Report'!$F$4,B11<='Weekly Report'!$F$5)),ROW(),"") | X11: =IF(AND(E11<>"",M11="Yes",Q11<>"Decided",Q11<>"Withdrawn"),ROW(),"")
A12: DEV-008 | W12: =IF(AND(E12<>"",AND(B12<>"",B12>='Weekly Report'!$F$4,B12<='Weekly Report'!$F$5)),ROW(),"") | X12: =IF(AND(E12<>"",M12="Yes",Q12<>"Decided",Q12<>"Withdrawn"),ROW(),"")
A13: DEV-009 | W13: =IF(AND(E13<>"",AND(B13<>"",B13>='Weekly Report'!$F$4,B13<='Weekly Report'!$F$5)),ROW(),"") | X13: =IF(AND(E13<>"",M13="Yes",Q13<>"Decided",Q13<>"Withdrawn"),ROW(),"")
A14: DEV-010 | W14: =IF(AND(E14<>"",AND(B14<>"",B14>='Weekly Report'!$F$4,B14<='Weekly Report'!$F$5)),ROW(),"") | X14: =IF(AND(E14<>"",M14="Yes",Q14<>"Decided",Q14<>"Withdrawn"),ROW(),"")
A15: DEV-011 | W15: =IF(AND(E15<>"",AND(B15<>"",B15>='Weekly Report'!$F$4,B15<='Weekly Report'!$F$5)),ROW(),"") | X15: =IF(AND(E15<>"",M15="Yes",Q15<>"Decided",Q15<>"Withdrawn"),ROW(),"")
A16: DEV-012 | W16: =IF(AND(E16<>"",AND(B16<>"",B16>='Weekly Report'!$F$4,B16<='Weekly Report'!$F$5)),ROW(),"") | X16: =IF(AND(E16<>"",M16="Yes",Q16<>"Decided",Q16<>"Withdrawn"),ROW(),"")
A17: DEV-013 | W17: =IF(AND(E17<>"",AND(B17<>"",B17>='Weekly Report'!$F$4,B17<='Weekly Report'!$F$5)),ROW(),"") | X17: =IF(AND(E17<>"",M17="Yes",Q17<>"Decided",Q17<>"Withdrawn"),ROW(),"")
... A304: DEV-300 | W304: =IF(AND(E304<>"",AND(B304<>"",B304>='Weekly Report'!$F$4,B304<='Weekly Report'!$F$5)),ROW(),"") | X304: =IF(AND(E304<>"",M304="Yes",Q304<>"Decided",Q304<>"Withdrawn"),ROW(),"")

Sheet EASM Findings
A1: EASM Findings Register
A2: External attack surface exposures translated from technical vector to operational, systemic and RAF impact — with remediation SLA and weekly change tracking.
A3: White cells = your input | Grey cells = automatic (do not overwrite) | Row 5 is an illustrative example (italic) — overwrite or delete it.
A4: Finding ID | B4: Date Discovered | C4: Discovery Source | D4: Asset Type | E4: Asset Identifier (domain / IP / URL) | F4: Attribution Confidence | G4: Business Unit / Legal Entity | H4: Asset Owner (1LoD) | I4: In Asset Inventory? | J4: Exposure (Technical Vector) | K4: CVE / Weakness Ref | L4: Severity | M4: Actively Exploited? (KEV / TI) | N4: Operational Vulnerability (2LoD View) | O4: Systemic / Concentration Risk | P4: Financial / Regulatory Impact | Q4: RAF Alignment | R4: Remediation Owner | S4: SLA (days) | T4: Remediation Target Date | U4: Status | V4: Remediation / Closure Date | W4: Last Material Change Date | X4: Material Change Description | Y4: Weekly Report Tag | Z4: Days Open | AA4: SLA Flag | AB4: Linked Task ID | AC4: Risk Acceptance Ref | AD4: Notes | AE4: WR helper: new/changed | AF4: WR helper: remediation due | AG4: WR helper: RAF breach
A5: FND-001 | B5: 46311 | C5: EASM Platform | D5: Subdomain | E5: legacy-vpn.acquired-entity.example | F5: Medium | G5: Retail Banking – Acquired Entity B | H5: TBC | I5: No | J5: Legacy SSL VPN appliance exposed to internet with outdated firmware | K5: To be confirmed | L5: Critical | M5: Unknown | N5: Unmanaged remote-access entry point outside Group patch governance | O5: Same VPN vendor used across several entities – single-vendor concentration in remote access | P5: Potential major ICT incident classification and supervisory notification if exploited | Q5: Not Assessed | R5: Network Security (1LoD) | S5: =IF(OR(B5="",L5=""),"",INDEX(Lists!$AD$4:$AD$8,MATCH(L5,Lists!$AC$4:$AC$8,0))) -> 15 | T5: =IF(OR(S5="",ISERROR(S5)),"",B5+S5) -> 46326 | U5: Validating | W5: 46314 | X5: Severity raised High → Critical after vendor advisory | Y5: =IF(E5="","",IF(AND(B5<>"",B5>='Weekly Report'!$F$4,B5<='Weekly Report'!$F$5),"NEW",IF(AND(W5<>"",W5>='Weekly Report'!$F$4,W5<='Weekly Report'!$F$5),"CHANGED",""))) -> NEW | Z5: =IF(B5="","",IF(V5<>"",V5-B5,TODAY()-B5)) -> 4 | AA5: =IF(OR(B5="",T5="",U5="False Positive",U5="Risk Accepted"),"",IF(V5<>"",IF(V5>T5,"Closed Late","Met"),IF(TODAY()>T5,"SLA BREACH",IF(T5-TODAY()<=7,"Due ≤7d","Within SLA")))) -> Within SLA | AB5: TSK-001 | AE5: =IF(Y5<>"",ROW(),"") -> 5 | AF5: =IF(AND(AND(E5<>"",U5<>"Remediated",U5<>"False Positive",U5<>"Risk Accepted"),T5<>"",T5<='Weekly Report'!$F$7),ROW(),"") | AG5: =IF(AND(AND(E5<>"",U5<>"Remediated",U5<>"False Positive",U5<>"Risk Accepted"),LEFT(Q5,6)="Breach"),ROW(),"")
A6: FND-002 | S6: =IF(OR(B6="",L6=""),"",INDEX(Lists!$AD$4:$AD$8,MATCH(L6,Lists!$AC$4:$AC$8,0))) | T6: =IF(OR(S6="",ISERROR(S6)),"",B6+S6) | Y6: =IF(E6="","",IF(AND(B6<>"",B6>='Weekly Report'!$F$4,B6<='Weekly Report'!$F$5),"NEW",IF(AND(W6<>"",W6>='Weekly Report'!$F$4,W6<='Weekly Report'!$F$5),"CHANGED",""))) | Z6: =IF(B6="","",IF(V6<>"",V6-B6,TODAY()-B6)) | AA6: =IF(OR(B6="",T6="",U6="False Positive",U6="Risk Accepted"),"",IF(V6<>"",IF(V6>T6,"Closed Late","Met"),IF(TODAY()>T6,"SLA BREACH",IF(T6-TODAY()<=7,"Due ≤7d","Within SLA")))) | AE6: =IF(Y6<>"",ROW(),"") | AF6: =IF(AND(AND(E6<>"",U6<>"Remediated",U6<>"False Positive",U6<>"Risk Accepted"),T6<>"",T6<='Weekly Report'!$F$7),ROW(),"") | AG6: =IF(AND(AND(E6<>"",U6<>"Remediated",U6<>"False Positive",U6<>"Risk Accepted"),LEFT(Q6,6)="Breach"),ROW(),"")
A7: FND-003 | S7: =IF(OR(B7="",L7=""),"",INDEX(Lists!$AD$4:$AD$8,MATCH(L7,Lists!$AC$4:$AC$8,0))) | T7: =IF(OR(S7="",ISERROR(S7)),"",B7+S7) | Y7: =IF(E7="","",IF(AND(B7<>"",B7>='Weekly Report'!$F$4,B7<='Weekly Report'!$F$5),"NEW",IF(AND(W7<>"",W7>='Weekly Report'!$F$4,W7<='Weekly Report'!$F$5),"CHANGED",""))) | Z7: =IF(B7="","",IF(V7<>"",V7-B7,TODAY()-B7)) | AA7: =IF(OR(B7="",T7="",U7="False Positive",U7="Risk Accepted"),"",IF(V7<>"",IF(V7>T7,"Closed Late","Met"),IF(TODAY()>T7,"SLA BREACH",IF(T7-TODAY()<=7,"Due ≤7d","Within SLA")))) | AE7: =IF(Y7<>"",ROW(),"") | AF7: =IF(AND(AND(E7<>"",U7<>"Remediated",U7<>"False Positive",U7<>"Risk Accepted"),T7<>"",T7<='Weekly Report'!$F$7),ROW(),"") | AG7: =IF(AND(AND(E7<>"",U7<>"Remediated",U7<>"False Positive",U7<>"Risk Accepted"),LEFT(Q7,6)="Breach"),ROW(),"")
A8: FND-004 | S8: =IF(OR(B8="",L8=""),"",INDEX(Lists!$AD$4:$AD$8,MATCH(L8,Lists!$AC$4:$AC$8,0))) | T8: =IF(OR(S8="",ISERROR(S8)),"",B8+S8) | Y8: =IF(E8="","",IF(AND(B8<>"",B8>='Weekly Report'!$F$4,B8<='Weekly Report'!$F$5),"NEW",IF(AND(W8<>"",W8>='Weekly Report'!$F$4,W8<='Weekly Report'!$F$5),"CHANGED",""))) | Z8: =IF(B8="","",IF(V8<>"",V8-B8,TODAY()-B8)) | AA8: =IF(OR(B8="",T8="",U8="False Positive",U8="Risk Accepted"),"",IF(V8<>"",IF(V8>T8,"Closed Late","Met"),IF(TODAY()>T8,"SLA BREACH",IF(T8-TODAY()<=7,"Due ≤7d","Within SLA")))) | AE8: =IF(Y8<>"",ROW(),"") | AF8: =IF(AND(AND(E8<>"",U8<>"Remediated",U8<>"False Positive",U8<>"Risk Accepted"),T8<>"",T8<='Weekly Report'!$F$7),ROW(),"") | AG8: =IF(AND(AND(E8<>"",U8<>"Remediated",U8<>"False Positive",U8<>"Risk Accepted"),LEFT(Q8,6)="Breach"),ROW(),"")
A9: FND-005 | S9: =IF(OR(B9="",L9=""),"",INDEX(Lists!$AD$4:$AD$8,MATCH(L9,Lists!$AC$4:$AC$8,0))) | T9: =IF(OR(S9="",ISERROR(S9)),"",B9+S9) | Y9: =IF(E9="","",IF(AND(B9<>"",B9>='Weekly Report'!$F$4,B9<='Weekly Report'!$F$5),"NEW",IF(AND(W9<>"",W9>='Weekly Report'!$F$4,W9<='Weekly Report'!$F$5),"CHANGED",""))) | Z9: =IF(B9="","",IF(V9<>"",V9-B9,TODAY()-B9)) | AA9: =IF(OR(B9="",T9="",U9="False Positive",U9="Risk Accepted"),"",IF(V9<>"",IF(V9>T9,"Closed Late","Met"),IF(TODAY()>T9,"SLA BREACH",IF(T9-TODAY()<=7,"Due ≤7d","Within SLA")))) | AE9: =IF(Y9<>"",ROW(),"") | AF9: =IF(AND(AND(E9<>"",U9<>"Remediated",U9<>"False Positive",U9<>"Risk Accepted"),T9<>"",T9<='Weekly Report'!$F$7),ROW(),"") | AG9: =IF(AND(AND(E9<>"",U9<>"Remediated",U9<>"False Positive",U9<>"Risk Accepted"),LEFT(Q9,6)="Breach"),ROW(),"")
A10: FND-006 | S10: =IF(OR(B10="",L10=""),"",INDEX(Lists!$AD$4:$AD$8,MATCH(L10,Lists!$AC$4:$AC$8,0))) | T10: =IF(OR(S10="",ISERROR(S10)),"",B10+S10) | Y10: =IF(E10="","",IF(AND(B10<>"",B10>='Weekly Report'!$F$4,B10<='Weekly Report'!$F$5),"NEW",IF(AND(W10<>"",W10>='Weekly Report'!$F$4,W10<='Weekly Report'!$F$5),"CHANGED",""))) | Z10: =IF(B10="","",IF(V10<>"",V10-B10,TODAY()-B10)) | AA10: =IF(OR(B10="",T10="",U10="False Positive",U10="Risk Accepted"),"",IF(V10<>"",IF(V10>T10,"Closed Late","Met"),IF(TODAY()>T10,"SLA BREACH",IF(T10-TODAY()<=7,"Due ≤7d","Within SLA")))) | AE10: =IF(Y10<>"",ROW(),"") | AF10: =IF(AND(AND(E10<>"",U10<>"Remediated",U10<>"False Positive",U10<>"Risk Accepted"),T10<>"",T10<='Weekly Report'!$F$7),ROW(),"") | AG10: =IF(AND(AND(E10<>"",U10<>"Remediated",U10<>"False Positive",U10<>"Risk Accepted"),LEFT(Q10,6)="Breach"),ROW(),"")
A11: FND-007 | S11: =IF(OR(B11="",L11=""),"",INDEX(Lists!$AD$4:$AD$8,MATCH(L11,Lists!$AC$4:$AC$8,0))) | T11: =IF(OR(S11="",ISERROR(S11)),"",B11+S11) | Y11: =IF(E11="","",IF(AND(B11<>"",B11>='Weekly Report'!$F$4,B11<='Weekly Report'!$F$5),"NEW",IF(AND(W11<>"",W11>='Weekly Report'!$F$4,W11<='Weekly Report'!$F$5),"CHANGED",""))) | Z11: =IF(B11="","",IF(V11<>"",V11-B11,TODAY()-B11)) | AA11: =IF(OR(B11="",T11="",U11="False Positive",U11="Risk Accepted"),"",IF(V11<>"",IF(V11>T11,"Closed Late","Met"),IF(TODAY()>T11,"SLA BREACH",IF(T11-TODAY()<=7,"Due ≤7d","Within SLA")))) | AE11: =IF(Y11<>"",ROW(),"") | AF11: =IF(AND(AND(E11<>"",U11<>"Remediated",U11<>"False Positive",U11<>"Risk Accepted"),T11<>"",T11<='Weekly Report'!$F$7),ROW(),"") | AG11: =IF(AND(AND(E11<>"",U11<>"Remediated",U11<>"False Positive",U11<>"Risk Accepted"),LEFT(Q11,6)="Breach"),ROW(),"")
A12: FND-008 | S12: =IF(OR(B12="",L12=""),"",INDEX(Lists!$AD$4:$AD$8,MATCH(L12,Lists!$AC$4:$AC$8,0))) | T12: =IF(OR(S12="",ISERROR(S12)),"",B12+S12) | Y12: =IF(E12="","",IF(AND(B12<>"",B12>='Weekly Report'!$F$4,B12<='Weekly Report'!$F$5),"NEW",IF(AND(W12<>"",W12>='Weekly Report'!$F$4,W12<='Weekly Report'!$F$5),"CHANGED",""))) | Z12: =IF(B12="","",IF(V12<>"",V12-B12,TODAY()-B12)) | AA12: =IF(OR(B12="",T12="",U12="False Positive",U12="Risk Accepted"),"",IF(V12<>"",IF(V12>T12,"Closed Late","Met"),IF(TODAY()>T12,"SLA BREACH",IF(T12-TODAY()<=7,"Due ≤7d","Within SLA")))) | AE12: =IF(Y12<>"",ROW(),"") | AF12: =IF(AND(AND(E12<>"",U12<>"Remediated",U12<>"False Positive",U12<>"Risk Accepted"),T12<>"",T12<='Weekly Report'!$F$7),ROW(),"") | AG12: =IF(AND(AND(E12<>"",U12<>"Remediated",U12<>"False Positive",U12<>"Risk Accepted"),LEFT(Q12,6)="Breach"),ROW(),"")
A13: FND-009 | S13: =IF(OR(B13="",L13=""),"",INDEX(Lists!$AD$4:$AD$8,MATCH(L13,Lists!$AC$4:$AC$8,0))) | T13: =IF(OR(S13="",ISERROR(S13)),"",B13+S13) | Y13: =IF(E13="","",IF(AND(B13<>"",B13>='Weekly Report'!$F$4,B13<='Weekly Report'!$F$5),"NEW",IF(AND(W13<>"",W13>='Weekly Report'!$F$4,W13<='Weekly Report'!$F$5),"CHANGED",""))) | Z13: =IF(B13="","",IF(V13<>"",V13-B13,TODAY()-B13)) | AA13: =IF(OR(B13="",T13="",U13="False Positive",U13="Risk Accepted"),"",IF(V13<>"",IF(V13>T13,"Closed Late","Met"),IF(TODAY()>T13,"SLA BREACH",IF(T13-TODAY()<=7,"Due ≤7d","Within SLA")))) | AE13: =IF(Y13<>"",ROW(),"") | AF13: =IF(AND(AND(E13<>"",U13<>"Remediated",U13<>"False Positive",U13<>"Risk Accepted"),T13<>"",T13<='Weekly Report'!$F$7),ROW(),"") | AG13: =IF(AND(AND(E13<>"",U13<>"Remediated",U13<>"False Positive",U13<>"Risk Accepted"),LEFT(Q13,6)="Breach"),ROW(),"")
A14: FND-010 | S14: =IF(OR(B14="",L14=""),"",INDEX(Lists!$AD$4:$AD$8,MATCH(L14,Lists!$AC$4:$AC$8,0))) | T14: =IF(OR(S14="",ISERROR(S14)),"",B14+S14) | Y14: =IF(E14="","",IF(AND(B14<>"",B14>='Weekly Report'!$F$4,B14<='Weekly Report'!$F$5),"NEW",IF(AND(W14<>"",W14>='Weekly Report'!$F$4,W14<='Weekly Report'!$F$5),"CHANGED",""))) | Z14: =IF(B14="","",IF(V14<>"",V14-B14,TODAY()-B14)) | AA14: =IF(OR(B14="",T14="",U14="False Positive",U14="Risk Accepted"),"",IF(V14<>"",IF(V14>T14,"Closed Late","Met"),IF(TODAY()>T14,"SLA BREACH",IF(T14-TODAY()<=7,"Due ≤7d","Within SLA")))) | AE14: =IF(Y14<>"",ROW(),"") | AF14: =IF(AND(AND(E14<>"",U14<>"Remediated",U14<>"False Positive",U14<>"Risk Accepted"),T14<>"",T14<='Weekly Report'!$F$7),ROW(),"") | AG14: =IF(AND(AND(E14<>"",U14<>"Remediated",U14<>"False Positive",U14<>"Risk Accepted"),LEFT(Q14,6)="Breach"),ROW(),"")
A15: FND-011 | S15: =IF(OR(B15="",L15=""),"",INDEX(Lists!$AD$4:$AD$8,MATCH(L15,Lists!$AC$4:$AC$8,0))) | T15: =IF(OR(S15="",ISERROR(S15)),"",B15+S15) | Y15: =IF(E15="","",IF(AND(B15<>"",B15>='Weekly Report'!$F$4,B15<='Weekly Report'!$F$5),"NEW",IF(AND(W15<>"",W15>='Weekly Report'!$F$4,W15<='Weekly Report'!$F$5),"CHANGED",""))) | Z15: =IF(B15="","",IF(V15<>"",V15-B15,TODAY()-B15)) | AA15: =IF(OR(B15="",T15="",U15="False Positive",U15="Risk Accepted"),"",IF(V15<>"",IF(V15>T15,"Closed Late","Met"),IF(TODAY()>T15,"SLA BREACH",IF(T15-TODAY()<=7,"Due ≤7d","Within SLA")))) | AE15: =IF(Y15<>"",ROW(),"") | AF15: =IF(AND(AND(E15<>"",U15<>"Remediated",U15<>"False Positive",U15<>"Risk Accepted"),T15<>"",T15<='Weekly Report'!$F$7),ROW(),"") | AG15: =IF(AND(AND(E15<>"",U15<>"Remediated",U15<>"False Positive",U15<>"Risk Accepted"),LEFT(Q15,6)="Breach"),ROW(),"")
A16: FND-012 | S16: =IF(OR(B16="",L16=""),"",INDEX(Lists!$AD$4:$AD$8,MATCH(L16,Lists!$AC$4:$AC$8,0))) | T16: =IF(OR(S16="",ISERROR(S16)),"",B16+S16) | Y16: =IF(E16="","",IF(AND(B16<>"",B16>='Weekly Report'!$F$4,B16<='Weekly Report'!$F$5),"NEW",IF(AND(W16<>"",W16>='Weekly Report'!$F$4,W16<='Weekly Report'!$F$5),"CHANGED",""))) | Z16: =IF(B16="","",IF(V16<>"",V16-B16,TODAY()-B16)) | AA16: =IF(OR(B16="",T16="",U16="False Positive",U16="Risk Accepted"),"",IF(V16<>"",IF(V16>T16,"Closed Late","Met"),IF(TODAY()>T16,"SLA BREACH",IF(T16-TODAY()<=7,"Due ≤7d","Within SLA")))) | AE16: =IF(Y16<>"",ROW(),"") | AF16: =IF(AND(AND(E16<>"",U16<>"Remediated",U16<>"False Positive",U16<>"Risk Accepted"),T16<>"",T16<='Weekly Report'!$F$7),ROW(),"") | AG16: =IF(AND(AND(E16<>"",U16<>"Remediated",U16<>"False Positive",U16<>"Risk Accepted"),LEFT(Q16,6)="Breach"),ROW(),"")
A17: FND-013 | S17: =IF(OR(B17="",L17=""),"",INDEX(Lists!$AD$4:$AD$8,MATCH(L17,Lists!$AC$4:$AC$8,0))) | T17: =IF(OR(S17="",ISERROR(S17)),"",B17+S17) | Y17: =IF(E17="","",IF(AND(B17<>"",B17>='Weekly Report'!$F$4,B17<='Weekly Report'!$F$5),"NEW",IF(AND(W17<>"",W17>='Weekly Report'!$F$4,W17<='Weekly Report'!$F$5),"CHANGED",""))) | Z17: =IF(B17="","",IF(V17<>"",V17-B17,TODAY()-B17)) | AA17: =IF(OR(B17="",T17="",U17="False Positive",U17="Risk Accepted"),"",IF(V17<>"",IF(V17>T17,"Closed Late","Met"),IF(TODAY()>T17,"SLA BREACH",IF(T17-TODAY()<=7,"Due ≤7d","Within SLA")))) | AE17: =IF(Y17<>"",ROW(),"") | AF17: =IF(AND(AND(E17<>"",U17<>"Remediated",U17<>"False Positive",U17<>"Risk Accepted"),T17<>"",T17<='Weekly Report'!$F$7),ROW(),"") | AG17: =IF(AND(AND(E17<>"",U17<>"Remediated",U17<>"False Positive",U17<>"Risk Accepted"),LEFT(Q17,6)="Breach"),ROW(),"")
... A304: FND-300 | S304: =IF(OR(B304="",L304=""),"",INDEX(Lists!$AD$4:$AD$8,MATCH(L304,Lists!$AC$4:$AC$8,0))) | T304: =IF(OR(S304="",ISERROR(S304)),"",B304+S304) | Y304: =IF(E304="","",IF(AND(B304<>"",B304>='Weekly Report'!$F$4,B304<='Weekly Report'!$F$5),"NEW",IF(AND(W304<>"",W304>='Weekly Report'!$F$4,W304<='Weekly Report'!$F$5),"CHANGED",""))) | Z304: =IF(B304="","",IF(V304<>"",V304-B304,TODAY()-B304)) | AA304: =IF(OR(B304="",T304="",U304="False Positive",U304="Risk Accepted"),"",IF(V304<>"",IF(V304>T304,"Closed Late","Met"),IF(TODAY()>T304,"SLA BREACH",IF(T304-TODAY()<=7,"Due ≤7d","Within SLA")))) | AE304: =IF(Y304<>"",ROW(),"") | AF304: =IF(AND(AND(E304<>"",U304<>"Remediated",U304<>"False Positive",U304<>"Risk Accepted"),T304<>"",T304<='Weekly Report'!$F$7),ROW(),"") | AG304: =IF(AND(AND(E304<>"",U304<>"Remediated",U304<>"False Positive",U304<>"Risk Accepted"),LEFT(Q304,6)="Breach"),ROW(),"")

Sheet Stakeholders
A1: Stakeholder Register
A2: Who matters to the mission, their role, stance and contact cadence.
A3: White cells = your input | Grey cells = automatic (do not overwrite) | Row 5 is an illustrative example (italic) — overwrite or delete it.
A4: Stakeholder ID | B4: Name | C4: Role / Title | D4: Function / Team | E4: LoD | F4: Legal Entity / Region | G4: Email | H4: Role in Mission (RACI) | I4: Influence | J4: Stance | K4: Preferred Channel | L4: Last Contact | M4: Days Since Contact | N4: Notes
A5: STK-001 | B5: [Name] | C5: Head of Network Security | D5: Group Infrastructure | E5: 1LoD | F5: Group / EU | G5: name@bank.example | H5: Responsible | I5: High | J5: Neutral | K5: Meeting | L5: 46310 | M5: =IF(L5="","",TODAY()-L5) -> 5 | N5: Owns remediation of perimeter assets; contests inventory gap
A6: STK-002 | M6: =IF(L6="","",TODAY()-L6)
A7: STK-003 | M7: =IF(L7="","",TODAY()-L7)
A8: STK-004 | M8: =IF(L8="","",TODAY()-L8)
A9: STK-005 | M9: =IF(L9="","",TODAY()-L9)
A10: STK-006 | M10: =IF(L10="","",TODAY()-L10)
A11: STK-007 | M11: =IF(L11="","",TODAY()-L11)
A12: STK-008 | M12: =IF(L12="","",TODAY()-L12)
A13: STK-009 | M13: =IF(L13="","",TODAY()-L13)
A14: STK-010 | M14: =IF(L14="","",TODAY()-L14)
A15: STK-011 | M15: =IF(L15="","",TODAY()-L15)
A16: STK-012 | M16: =IF(L16="","",TODAY()-L16)
A17: STK-013 | M17: =IF(L17="","",TODAY()-L17)
... A304: STK-300 | M304: =IF(L304="","",TODAY()-L304)

Sheet Lists
A1: Dropdown lists — edit or extend values here (keep entries within the bordered block, 15 slots per list).
A3: YesNo | B3: YesNoUnknown | C3: RAG | D3: TaskStatus | E3: Priority | F3: MeetingType | G3: Workstream | H3: LoD | I3: Direction | J3: EmailCategory | K3: ResponseStatus | L3: TaskSource | M3: GoalStatus | N3: DevType | O3: DecisionStatus | P3: Impact | Q3: RiskDimension | R3: RAF | S3: AssetType | T3: DiscoverySource | U3: Confidence | V3: FindingStatus | W3: Confidentiality | X3: RACI | Y3: Stance | Z3: Channel | AA3: PhaseStatus | AC3: Severity | AD3: Remediation SLA (days)
A4: Yes | B4: Yes | C4: Green | D4: Not Started | E4: Critical | F4: Weekly Status Meeting | G4: Scoping & Governance | H4: 1LoD | I4: Inbound | J4: Request for Information | K4: Awaiting Response | L4: Meeting | M4: On Track | N4: Milestone | O4: Open | P4: Critical | Q4: Operational | R4: Within Appetite | S4: Domain | T4: EASM Platform | U4: High | V4: New | W4: Internal | X4: Responsible | Y4: Supportive | Z4: Email | AA4: Not Started | AC4: Critical | AD4: 15
A5: No | B5: No | C5: Amber | D5: In Progress | E5: High | F5: Kick-off | G5: Asset Discovery | H5: 2LoD | I5: Outbound | J5: Evidence Submission | K5: Responded | L5: Email | M5: At Risk | N5: Decision | O5: Decided | P5: High | Q5: Systemic / Concentration | R5: Within Tolerance | S5: Subdomain | T5: Vulnerability Scanner | U5: Medium | V5: Validating | W5: Confidential | X5: Accountable | Y5: Neutral | Z5: Teams / Chat | AA5: In Progress | AC5: High | AD5: 30
B6: Unknown | C6: Red | D6: Blocked | E6: Medium | F6: Steering Committee | G6: Attribution & Ownership | H6: 3LoD | J6: Status Update | K6: Escalated | L6: EASM Finding | M6: Off Track | N6: Key Finding | O6: Deferred | P6: Medium | Q6: Regulatory | R6: Breach - Tolerance | S6: IP Address / Range | T6: Threat Intel Feed | U6: Low | V6: Confirmed | W6: Strictly Confidential | X6: Consulted | Y6: Resistant | Z6: Meeting | AA6: Completed | AC6: Medium | AD6: 90
D7: On Hold | E7: Low | F7: Working Session | G7: Exposure Assessment | H7: Third Party | J7: Challenge / Pushback | K7: Closed | L7: Development | M7: Achieved | N7: Escalation | O7: Withdrawn | P7: Low | Q7: Financial | R7: Breach - Appetite | S7: Web Application | T7: Certificate Transparency | V7: Remediation In Progress | X7: Informed | Y7: Unknown | Z7: Phone | AA7: Delayed | AC7: Low | AD7: 180
D8: Completed | F8: 1LoD Challenge Session | G8: Cloud Exposure | H8: Multiple | J8: Escalation | K8: No Action Required | L8: Goal | M8: Deferred | N8: Scope Change | P8: Informational | Q8: Reputational | R8: Not Assessed | S8: API Endpoint | T8: Passive DNS | V8: Remediated | Z8: Formal Memo | AA8: On Hold | AC8: Informational | AD8: 365
D9: Cancelled | F9: Stakeholder Interview | G9: Shadow IT | J9: Decision / Approval | L9: Weekly Status Meeting | N9: Risk Acceptance | Q9: Third-Party | S9: Exposed Service / Port | T9: Bug Bounty / Disclosure | V9: Risk Accepted
F10: Vendor / Tooling | G10: Third-Party / Supply Chain | J10: Vendor Communication | L10: Ad-hoc | N10: Regulatory / Supervisory | Q10: Multiple | S10: Cloud Resource | T10: Manual OSINT | V10: False Positive | AC10: Key assumption: default SLA values for illustration only — align to the bank's Vulnerability Management Standard before use.
F11: Risk Committee / Forum | G11: Brand & Domain Monitoring | J11: FYI | N11: Lesson Learned | S11: TLS Certificate | T11: 1LoD Disclosure
F12: Ad-hoc | G12: Credential & Data Leakage | S12: Code Repository | T12: Third-Party Notification
G13: Remediation Oversight | S13: Mobile App
G14: Reporting & RAF | S14: Email Infrastructure
S15: Third-Party Hosted Asset
